Cell,fliC-fliX
100_3,0.17391304347826086
101_1,0.2028985507246377
101_2,0.15942028985507245
101_6,0.043478260869565216
102_7,0.4057971014492754
103_14,0.21739130434782608
104_12,0.3188405797101449
104_4,0.07246376811594203
105_1,0.42028985507246375
106_9,0.21739130434782608
107_1,0.2028985507246377
107_13,0.08695652173913043
108_1,0.10144927536231885
108_6,0.37681159420289856
108_9,0.21739130434782608
109_1,0.34782608695652173
109_11,0.463768115942029
109_18,0.13043478260869565
109_7,0.13043478260869565
110_13,0.14492753623188406
110_2,0.2028985507246377
110_5,0.2608695652173913
111_1,0.2028985507246377
111_5,0.15942028985507245
111_6,0.2028985507246377
111_8,0.3333333333333333
111_9,0.21739130434782608
112_10,0.2753623188405797
112_5,0.13043478260869565
112_8,0.2318840579710145
112_9,0.2463768115942029
113_2,0.15942028985507245
113_3,0.11594202898550725
113_6,0.18840579710144928
114_14,0.3333333333333333
114_2,0.4057971014492754
115_1,0.2028985507246377
115_4,0.42028985507246375
115_5,0.2463768115942029
115_6,0.17391304347826086
115_8,0.21739130434782608
116_1,0.057971014492753624
116_2,0.37681159420289856
116_5,0.2753623188405797
117_11,0.14492753623188406
117_13,0.391304347826087
117_15,0.11594202898550725
117_7,0.42028985507246375
118_10,0.17391304347826086
118_11,0.4057971014492754
118_4,0.43478260869565216
119_11,0.13043478260869565
119_12,0.21739130434782608
119_2,0.2318840579710145
120_14,0.11594202898550725
120_3,0.10144927536231885
120_9,0.15942028985507245
122_1,0.13043478260869565
122_13,0.2898550724637681
122_15,0.18840579710144928
123_13,0.2028985507246377
123_14,0.17391304347826086
123_3,1.0
123_5,0.3188405797101449
123_7,0.21739130434782608
124_6,0.3333333333333333
126_10,0.10144927536231885
127_14,0.36231884057971014
127_7,0.2898550724637681
129_2,0.14492753623188406
13_3,0.14492753623188406
130_1,0.2318840579710145
130_3,0.07246376811594203
132_1,0.2753623188405797
135_5,0.2028985507246377
137_1,0.21739130434782608
138_2,0.2028985507246377
138_4,0.2318840579710145
138_6,0.10144927536231885
139_1,0.13043478260869565
139_15,0.17391304347826086
141_5,0.3188405797101449
141_8,0.21739130434782608
142_13,0.3188405797101449
142_4,0.34782608695652173
143_4,0.057971014492753624
144_2,0.2318840579710145
144_4,0.2608695652173913
145_1,0.30434782608695654
145_7,0.15942028985507245
146_1,0.3188405797101449
146_8,0.21739130434782608
147_11,0.36231884057971014
147_12,0.08695652173913043
147_5,0.18840579710144928
147_6,0.2753623188405797
148_14,0.10144927536231885
148_15,0.2753623188405797
148_2,0.2318840579710145
149_10,0.2608695652173913
149_2,0.14492753623188406
149_4,0.2898550724637681
149_5,0.2318840579710145
149_6,0.2753623188405797
150_2,0.34782608695652173
150_3,0.057971014492753624
151_12,0.14492753623188406
151_13,0.2028985507246377
151_2,0.2318840579710145
151_3,0.17391304347826086
151_7,0.2028985507246377
151_9,0.34782608695652173
152_11,0.2318840579710145
152_12,0.2028985507246377
152_17,0.11594202898550725
152_2,0.2608695652173913
152_6,0.17391304347826086
153_10,0.13043478260869565
153_15,0.18840579710144928
153_3,0.36231884057971014
154_11,0.18840579710144928
154_12,0.2753623188405797
154_2,0.14492753623188406
154_6,0.14492753623188406
154_9,0.2608695652173913
155_10,0.17391304347826086
155_11,0.42028985507246375
155_4,0.2463768115942029
156_8,0.42028985507246375
157_9,0.3188405797101449
158_14,0.2463768115942029
158_3,0.14492753623188406
158_5,0.3188405797101449
159_1,0.15942028985507245
159_13,0.18840579710144928
159_17,0.2753623188405797
159_3,0.2028985507246377
159_4,0.30434782608695654
159_8,0.11594202898550725
162_5,0.3333333333333333
163_2,0.17391304347826086
165_1,0.2028985507246377
165_12,0.37681159420289856
165_13,0.463768115942029
170_6,0.14492753623188406
171_2,0.2753623188405797
174_5,0.14492753623188406
175_16,0.13043478260869565
182_1,0.21739130434782608
182_11,0.391304347826087
182_13,0.4927536231884058
182_15,0.14492753623188406
182_2,0.15942028985507245
182_3,0.2318840579710145
183_1,0.17391304347826086
183_11,0.21739130434782608
183_4,0.3188405797101449
183_7,0.2608695652173913
183_8,0.2753623188405797
184_7,0.17391304347826086
184_8,0.057971014492753624
186_1,0.11594202898550725
186_14,0.17391304347826086
186_2,0.2028985507246377
186_5,0.13043478260869565
186_6,0.13043478260869565
186_9,0.11594202898550725
187_2,0.0
187_9,0.2318840579710145
188_10,0.2753623188405797
188_11,0.2463768115942029
188_6,0.14492753623188406
188_8,0.2463768115942029
189_10,0.043478260869565216
189_3,0.13043478260869565
189_4,0.21739130434782608
189_7,0.028985507246376812
189_8,0.15942028985507245
190_1,0.42028985507246375
190_3,0.2608695652173913
191_7,0.14492753623188406
192_10,0.11594202898550725
192_9,0.17391304347826086
193_12,0.42028985507246375
193_4,0.2463768115942029
193_6,0.2898550724637681
193_7,0.10144927536231885
194_10,0.37681159420289856
194_4,0.30434782608695654
195_15,0.2608695652173913
197_2,0.3333333333333333
197_7,0.17391304347826086
210_3,0.11594202898550725
211_1,0.17391304347826086
219_10,0.4057971014492754
219_6,0.14492753623188406
220_3,0.15942028985507245
220_6,0.08695652173913043
220_8,0.17391304347826086
221_6,0.15942028985507245
222_1,0.4057971014492754
222_11,0.057971014492753624
222_12,0.17391304347826086
222_8,0.17391304347826086
223_11,0.2608695652173913
223_3,0.36231884057971014
223_5,0.15942028985507245
224_14,0.3333333333333333
224_2,0.13043478260869565
225_1,0.4057971014492754
226_6,0.14492753623188406
226_8,0.10144927536231885
227_5,0.30434782608695654
227_6,0.2608695652173913
228_10,0.17391304347826086
228_14,0.14492753623188406
228_5,0.14492753623188406
228_6,0.15942028985507245
228_7,0.2318840579710145
228_8,0.34782608695652173
228_9,0.11594202898550725
229_1,0.2608695652173913
229_7,0.13043478260869565
23_5,0.17391304347826086
23_9,0.10144927536231885
230_18,0.30434782608695654
230_5,0.057971014492753624
231_1,0.3188405797101449
231_9,0.17391304347826086
232_3,0.2753623188405797
232_7,0.18840579710144928
235_11,0.17391304347826086
235_8,0.2028985507246377
236_15,0.21739130434782608
236_7,0.2608695652173913
237_1,0.043478260869565216
237_10,0.10144927536231885
24_1,0.14492753623188406
24_11,0.17391304347826086
242_1,0.17391304347826086
246_1,0.4782608695652174
246_4,0.15942028985507245
248_10,0.15942028985507245
248_11,0.15942028985507245
25_1,0.2028985507246377
251_3,0.11594202898550725
252_9,0.2463768115942029
254_4,0.2608695652173913
255_11,0.043478260869565216
256_1,0.34782608695652173
256_6,0.10144927536231885
256_8,0.391304347826087
257_1,0.2463768115942029
257_13,0.057971014492753624
257_5,0.11594202898550725
257_6,0.043478260869565216
257_7,0.15942028985507245
257_8,0.10144927536231885
258_4,0.07246376811594203
259_10,0.18840579710144928
259_7,0.21739130434782608
26_2,0.07246376811594203
26_5,0.2028985507246377
26_7,0.2898550724637681
260_6,0.21739130434782608
261_2,0.13043478260869565
261_9,0.21739130434782608
263_4,0.17391304347826086
264_10,0.10144927536231885
265_10,0.21739130434782608
265_19,0.2753623188405797
265_21,0.10144927536231885
265_6,0.3188405797101449
265_7,0.34782608695652173
266_7,0.18840579710144928
267_2,0.08695652173913043
267_3,0.17391304347826086
267_9,0.2463768115942029
268_4,0.21739130434782608
268_6,0.2028985507246377
269_8,0.2753623188405797
270_10,0.21739130434782608
271_10,0.13043478260869565
271_2,0.15942028985507245
273_1,0.11594202898550725
273_7,0.15942028985507245
274_4,0.21739130434782608
274_9,0.15942028985507245
275_5,0.014492753623188406
275_9,0.17391304347826086
277_2,0.2318840579710145
278_5,0.11594202898550725
28_5,0.14492753623188406
28_6,0.13043478260869565
28_7,0.2318840579710145
280_1,0.3188405797101449
280_9,0.17391304347826086
284_9,0.36231884057971014
293_11,0.2318840579710145
295_15,0.2028985507246377
295_8,0.08695652173913043
296_3,0.13043478260869565
297_4,0.2753623188405797
299_1,0.2318840579710145
299_9,0.21739130434782608
300_1,0.2028985507246377
300_13,0.13043478260869565
300_17,0.14492753623188406
300_5,0.2028985507246377
301_5,0.11594202898550725
302_10,0.4057971014492754
302_14,0.391304347826087
302_18,0.2028985507246377
302_4,0.30434782608695654
302_5,0.2318840579710145
303_1,0.2608695652173913
303_10,0.2028985507246377
303_14,0.17391304347826086
304_4,0.14492753623188406
304_5,0.2318840579710145
305_1,0.057971014492753624
306_1,0.13043478260869565
306_2,0.17391304347826086
306_7,0.21739130434782608
307_4,0.18840579710144928
308_1,0.14492753623188406
308_10,0.08695652173913043
308_13,0.3188405797101449
308_7,0.10144927536231885
309_1,0.17391304347826086
309_4,0.3333333333333333
309_7,0.2608695652173913
310_1,0.18840579710144928
310_10,0.14492753623188406
310_11,0.2753623188405797
311_3,0.21739130434782608
312_14,0.08695652173913043
312_8,0.14492753623188406
312_9,0.11594202898550725
313_1,0.11594202898550725
313_11,0.07246376811594203
314_6,0.10144927536231885
314_7,0.391304347826087
317_3,0.10144927536231885
318_3,0.043478260869565216
319_1,0.4492753623188406
319_12,0.17391304347826086
319_8,0.14492753623188406
32_1,0.34782608695652173
32_10,0.15942028985507245
322_12,0.2608695652173913
322_2,0.18840579710144928
325_1,0.21739130434782608
326_2,0.2463768115942029
327_12,0.18840579710144928
327_9,0.2463768115942029
328_11,0.30434782608695654
328_4,0.2463768115942029
329_12,0.14492753623188406
329_14,0.17391304347826086
329_15,0.2028985507246377
329_18,0.17391304347826086
329_8,0.07246376811594203
330_2,0.2608695652173913
333_4,0.3188405797101449
333_9,0.15942028985507245
334_11,0.2608695652173913
334_4,0.17391304347826086
335_5,0.15942028985507245
336_2,0.42028985507246375
337_11,0.0
337_3,0.15942028985507245
337_8,0.043478260869565216
339_8,0.21739130434782608
34_1,0.17391304347826086
34_12,0.21739130434782608
34_5,0.3188405797101449
340_7,0.2028985507246377
342_3,0.2028985507246377
343_10,0.18840579710144928
344_13,0.014492753623188406
344_6,0.2028985507246377
344_8,0.36231884057971014
344_9,0.13043478260869565
346_9,0.2028985507246377
347_3,0.043478260869565216
348_2,0.2753623188405797
35_1,0.2028985507246377
35_5,0.07246376811594203
35_6,0.30434782608695654
36_1,0.3188405797101449
36_5,0.17391304347826086
38_1,0.15942028985507245
38_3,0.34782608695652173
40_10,0.2318840579710145
40_13,0.37681159420289856
41_1,0.2318840579710145
41_15,0.2608695652173913
41_5,0.36231884057971014
42_3,0.18840579710144928
49_1,0.2463768115942029
49_10,0.21739130434782608
49_8,0.10144927536231885
50_12,0.21739130434782608
52_6,0.057971014492753624
53_3,0.11594202898550725
56_8,0.3333333333333333
57_3,0.2463768115942029
58_8,0.3188405797101449
59_3,0.10144927536231885
61_6,0.2608695652173913
63_1,0.36231884057971014
63_10,0.14492753623188406
63_3,0.2898550724637681
63_4,0.2318840579710145
64_10,0.13043478260869565
64_5,0.14492753623188406
65_8,0.17391304347826086
67_1,0.34782608695652173
71_11,0.2028985507246377
71_7,0.3188405797101449
72_12,0.2463768115942029
72_2,0.13043478260869565
72_9,0.11594202898550725
75_6,0.2318840579710145
75_7,0.2463768115942029
76_1,0.07246376811594203
76_3,0.15942028985507245
76_9,0.18840579710144928
77_13,0.3188405797101449
77_15,0.2028985507246377
77_6,0.07246376811594203
78_13,0.2318840579710145
78_4,0.36231884057971014
78_7,0.2028985507246377
79_4,0.42028985507246375
79_9,0.10144927536231885
80_1,0.5072463768115942
80_4,0.2028985507246377
80_8,0.15942028985507245
82_2,0.15942028985507245
82_7,0.2608695652173913
82_8,0.17391304347826086
82_9,0.3333333333333333
83_4,0.15942028985507245
83_5,0.11594202898550725
83_7,0.043478260869565216
84_12,0.07246376811594203
84_4,0.2753623188405797
84_8,0.2463768115942029
85_12,0.2028985507246377
85_14,0.2463768115942029
85_2,0.10144927536231885
86_10,0.2898550724637681
88_3,0.34782608695652173
91_2,0.10144927536231885
94_2,0.2028985507246377
94_3,0.18840579710144928
94_9,0.13043478260869565
95_19,0.10144927536231885
97_4,0.17391304347826086
97_5,0.2608695652173913
99_9,0.07246376811594203
