x_position,y_position,gene_id,cell_id,group_id
135,144,gene1,1,group1
47,103,gene1,1,group1
167,161,gene1,1,group1
140,114,gene1,1,group1
159,128,gene1,1,group1
166,72,gene1,1,group1
109,72,gene1,1,group1
61,101,gene1,1,group1
173,74,gene1,1,group1
116,62,gene1,1,group1
55,121,gene1,1,group1
62,127,gene1,1,group1
148,117,gene1,1,group1
89,178,gene1,1,group1
159,150,gene1,1,group1
170,103,gene1,1,group1
163,122,gene1,1,group1
99,120,gene1,1,group1
53,85,gene1,1,group1
182,93,gene1,1,group1
98,73,gene1,1,group1
176,151,gene1,1,group1
118,167,gene1,1,group1
162,64,gene1,1,group1
114,178,gene1,1,group1
111,68,gene1,1,group1
177,122,gene1,1,group1
175,89,gene1,1,group1
110,150,gene1,1,group1
60,135,gene1,1,group1
118,184,gene1,1,group1
98,111,gene1,1,group1
84,85,gene1,1,group1
84,45,gene1,1,group1
103,158,gene1,1,group1
70,75,gene1,1,group1
175,137,gene1,1,group1
171,107,gene1,1,group1
170,97,gene1,1,group1
107,152,gene1,1,group1
163,128,gene1,1,group1
58,120,gene1,1,group1
66,161,gene1,1,group1
85,99,gene1,1,group1
41,106,gene1,1,group1
66,93,gene1,1,group1
132,80,gene1,1,group1
122,146,gene1,1,group1
74,93,gene1,1,group1
67,137,gene1,1,group1
42,86,gene3,1,group1
84,68,gene3,1,group1
159,90,gene1,2,group1
176,145,gene1,2,group1
62,103,gene1,2,group1
54,93,gene1,2,group1
55,114,gene1,2,group1
126,148,gene1,2,group1
83,52,gene1,2,group1
165,156,gene1,2,group1
137,88,gene1,2,group1
103,128,gene1,2,group1
80,89,gene1,2,group1
51,77,gene1,2,group1
78,124,gene1,2,group1
172,101,gene1,2,group1
67,150,gene1,2,group1
157,141,gene1,2,group1
116,128,gene1,2,group1
136,101,gene1,2,group1
57,122,gene1,2,group1
108,71,gene1,2,group1
98,160,gene1,2,group1
127,110,gene1,2,group1
128,70,gene1,2,group1
116,136,gene1,2,group1
143,57,gene1,2,group1
122,77,gene1,2,group1
98,94,gene1,2,group1
151,133,gene1,2,group1
45,139,gene1,2,group1
48,79,gene1,2,group1
151,53,gene1,2,group1
103,77,gene1,2,group1
151,172,gene1,2,group1
163,120,gene1,2,group1
116,156,gene1,2,group1
49,143,gene1,2,group1
85,177,gene1,2,group1
58,70,gene1,2,group1
143,117,gene1,2,group1
85,67,gene1,2,group1
87,114,gene1,2,group1
108,83,gene1,2,group1
62,158,gene1,2,group1
138,57,gene1,2,group1
42,107,gene1,2,group1
152,66,gene1,2,group1
102,71,gene1,2,group1
170,125,gene1,2,group1
66,76,gene1,2,group1
108,41,gene1,2,group1
89,103,gene1,3,group1
179,117,gene1,3,group1
130,182,gene1,3,group1
154,148,gene1,3,group1
132,174,gene1,3,group1
82,90,gene1,3,group1
111,39,gene1,3,group1
72,75,gene1,3,group1
106,122,gene1,3,group1
123,131,gene1,3,group1
60,123,gene1,3,group1
106,78,gene1,3,group1
111,129,gene1,3,group1
138,177,gene1,3,group1
70,112,gene1,3,group1
66,159,gene1,3,group1
98,49,gene1,3,group1
115,82,gene1,3,group1
114,140,gene1,3,group1
121,113,gene1,3,group1
143,64,gene1,3,group1
160,158,gene1,3,group1
123,124,gene1,3,group1
68,159,gene1,3,group1
66,164,gene1,3,group1
146,46,gene1,3,group1
114,122,gene1,3,group1
76,79,gene1,3,group1
181,133,gene1,3,group1
58,87,gene1,3,group1
93,52,gene1,3,group1
62,137,gene1,3,group1
111,151,gene1,3,group1
92,145,gene1,3,group1
58,131,gene1,3,group1
93,103,gene1,3,group1
147,86,gene1,3,group1
128,66,gene1,3,group1
171,152,gene1,3,group1
88,67,gene1,3,group1
164,138,gene1,3,group1
102,90,gene1,3,group1
47,92,gene1,3,group1
74,63,gene1,3,group1
87,154,gene1,3,group1
133,129,gene1,3,group1
176,75,gene1,3,group1
63,161,gene1,3,group1
140,145,gene1,3,group1
119,164,gene1,3,group1
88,175,gene2,3,group1
124,118,gene2,3,group1
119,46,gene2,3,group1
102,76,gene3,3,group1
112,157,gene1,4,group1
53,94,gene1,4,group1
113,40,gene1,4,group1
151,121,gene1,4,group1
78,75,gene1,4,group1
154,132,gene1,4,group1
166,134,gene1,4,group1
56,146,gene1,4,group1
89,111,gene1,4,group1
174,143,gene1,4,group1
160,136,gene1,4,group1
83,114,gene1,4,group1
102,122,gene1,4,group1
104,114,gene1,4,group1
141,135,gene1,4,group1
135,52,gene1,4,group1
78,69,gene1,4,group1
98,110,gene1,4,group1
122,51,gene1,4,group1
143,73,gene1,4,group1
162,57,gene1,4,group1
75,127,gene1,4,group1
142,46,gene1,4,group1
156,135,gene1,4,group1
62,157,gene1,4,group1
119,63,gene1,4,group1
177,125,gene1,4,group1
86,135,gene1,4,group1
162,65,gene1,4,group1
52,156,gene1,4,group1
123,68,gene1,4,group1
112,69,gene1,4,group1
136,112,gene1,4,group1
68,169,gene1,4,group1
85,46,gene1,4,group1
137,150,gene1,4,group1
132,85,gene1,4,group1
153,128,gene1,4,group1
102,43,gene1,4,group1
183,92,gene1,4,group1
95,60,gene1,4,group1
144,166,gene1,4,group1
115,66,gene1,4,group1
74,146,gene1,4,group1
58,63,gene1,4,group1
143,53,gene1,4,group1
62,143,gene1,4,group1
151,147,gene1,4,group1
143,44,gene1,4,group1
164,120,gene1,4,group1
57,127,gene2,4,group1
55,68,gene2,4,group1
44,125,gene3,4,group1
126,82,gene3,4,group1
39,96,gene1,5,group1
130,55,gene1,5,group1
73,90,gene1,5,group1
112,131,gene1,5,group1
43,96,gene1,5,group1
73,84,gene1,5,group1
153,65,gene1,5,group1
159,125,gene1,5,group1
103,70,gene1,5,group1
44,90,gene1,5,group1
129,122,gene1,5,group1
158,111,gene1,5,group1
112,178,gene1,5,group1
120,84,gene1,5,group1
57,63,gene1,5,group1
115,77,gene1,5,group1
133,74,gene1,5,group1
69,94,gene1,5,group1
117,167,gene1,5,group1
99,97,gene1,5,group1
84,111,gene1,5,group1
132,144,gene1,5,group1
42,137,gene1,5,group1
70,144,gene1,5,group1
113,177,gene1,5,group1
143,73,gene1,5,group1
145,113,gene1,5,group1
127,58,gene1,5,group1
100,150,gene1,5,group1
131,172,gene1,5,group1
51,133,gene1,5,group1
143,119,gene1,5,group1
149,89,gene1,5,group1
132,112,gene1,5,group1
157,60,gene1,5,group1
84,64,gene1,5,group1
107,65,gene1,5,group1
151,139,gene1,5,group1
84,144,gene1,5,group1
147,81,gene1,5,group1
100,153,gene1,5,group1
124,170,gene1,5,group1
73,127,gene1,5,group1
155,59,gene1,5,group1
160,89,gene1,5,group1
112,37,gene1,5,group1
151,155,gene1,5,group1
113,66,gene1,5,group1
114,176,gene1,5,group1
76,145,gene1,5,group1
60,164,gene2,5,group1
96,176,gene2,5,group1
140,108,gene2,5,group1
67,106,gene1,6,group1
102,138,gene1,6,group1
138,150,gene1,6,group1
63,101,gene1,6,group1
127,109,gene1,6,group1
87,58,gene1,6,group1
104,115,gene1,6,group1
173,124,gene1,6,group1
67,172,gene1,6,group1
100,78,gene1,6,group1
54,143,gene1,6,group1
111,109,gene1,6,group1
170,71,gene1,6,group1
90,173,gene1,6,group1
63,142,gene1,6,group1
176,140,gene1,6,group1
108,111,gene1,6,group1
150,132,gene1,6,group1
77,68,gene1,6,group1
67,134,gene1,6,group1
139,156,gene1,6,group1
113,127,gene1,6,group1
158,143,gene1,6,group1
92,159,gene1,6,group1
162,165,gene1,6,group1
118,163,gene1,6,group1
52,150,gene1,6,group1
113,73,gene1,6,group1
92,43,gene1,6,group1
127,157,gene1,6,group1
57,138,gene1,6,group1
111,95,gene1,6,group1
110,85,gene1,6,group1
63,148,gene1,6,group1
154,121,gene1,6,group1
135,80,gene1,6,group1
121,144,gene1,6,group1
148,74,gene1,6,group1
151,74,gene1,6,group1
171,117,gene1,6,group1
70,90,gene1,6,group1
84,150,gene1,6,group1
126,136,gene1,6,group1
146,162,gene1,6,group1
136,93,gene1,6,group1
87,149,gene1,6,group1
49,136,gene1,6,group1
45,96,gene1,6,group1
58,84,gene1,6,group1
130,51,gene1,6,group1
96,113,gene2,6,group1
168,109,gene1,7,group1
127,142,gene1,7,group1
154,50,gene1,7,group1
153,162,gene1,7,group1
102,158,gene1,7,group1
92,123,gene1,7,group1
105,47,gene1,7,group1
78,126,gene1,7,group1
53,146,gene1,7,group1
93,138,gene1,7,group1
179,93,gene1,7,group1
153,86,gene1,7,group1
123,63,gene1,7,group1
58,118,gene1,7,group1
119,174,gene1,7,group1
153,120,gene1,7,group1
102,44,gene1,7,group1
85,131,gene1,7,group1
57,90,gene1,7,group1
171,125,gene1,7,group1
85,88,gene1,7,group1
101,114,gene1,7,group1
116,169,gene1,7,group1
135,102,gene1,7,group1
160,125,gene1,7,group1
98,48,gene1,7,group1
115,178,gene1,7,group1
154,163,gene1,7,group1
149,49,gene1,7,group1
142,163,gene1,7,group1
154,149,gene1,7,group1
67,58,gene1,7,group1
57,98,gene1,7,group1
62,76,gene1,7,group1
142,91,gene1,7,group1
149,56,gene1,7,group1
137,47,gene1,7,group1
83,100,gene1,7,group1
162,93,gene1,7,group1
69,108,gene1,7,group1
127,118,gene1,7,group1
148,64,gene1,7,group1
179,110,gene1,7,group1
175,88,gene1,7,group1
112,150,gene1,7,group1
168,155,gene1,7,group1
174,103,gene1,7,group1
106,96,gene1,7,group1
62,81,gene1,7,group1
143,100,gene1,7,group1
109,38,gene2,7,group1
135,106,gene3,7,group1
128,95,gene3,7,group1
176,109,gene3,7,group1
93,98,gene1,8,group1
115,120,gene1,8,group1
96,132,gene1,8,group1
159,110,gene1,8,group1
120,130,gene1,8,group1
70,138,gene1,8,group1
76,82,gene1,8,group1
71,89,gene1,8,group1
91,97,gene1,8,group1
70,96,gene1,8,group1
135,127,gene1,8,group1
70,164,gene1,8,group1
171,128,gene1,8,group1
162,153,gene1,8,group1
116,40,gene1,8,group1
93,179,gene1,8,group1
78,163,gene1,8,group1
117,57,gene1,8,group1
103,72,gene1,8,group1
139,85,gene1,8,group1
118,111,gene1,8,group1
135,52,gene1,8,group1
90,46,gene1,8,group1
117,100,gene1,8,group1
124,149,gene1,8,group1
94,103,gene1,8,group1
125,78,gene1,8,group1
115,41,gene1,8,group1
128,183,gene1,8,group1
75,127,gene1,8,group1
98,48,gene1,8,group1
40,94,gene1,8,group1
120,54,gene1,8,group1
52,125,gene1,8,group1
145,71,gene1,8,group1
92,151,gene1,8,group1
148,73,gene1,8,group1
128,116,gene1,8,group1
82,121,gene1,8,group1
141,134,gene1,8,group1
104,173,gene1,8,group1
173,155,gene1,8,group1
68,141,gene1,8,group1
136,80,gene1,8,group1
72,168,gene1,8,group1
74,57,gene1,8,group1
121,97,gene1,8,group1
82,100,gene1,8,group1
57,146,gene1,8,group1
63,154,gene1,8,group1
47,101,gene2,8,group1
133,43,gene3,8,group1
59,128,gene3,8,group1
111,75,gene1,9,group1
154,97,gene1,9,group1
166,128,gene1,9,group1
78,140,gene1,9,group1
123,106,gene1,9,group1
163,137,gene1,9,group1
40,116,gene1,9,group1
172,110,gene1,9,group1
104,46,gene1,9,group1
153,138,gene1,9,group1
67,140,gene1,9,group1
125,163,gene1,9,group1
106,45,gene1,9,group1
102,185,gene1,9,group1
111,90,gene1,9,group1
124,135,gene1,9,group1
101,90,gene1,9,group1
121,99,gene1,9,group1
127,78,gene1,9,group1
76,121,gene1,9,group1
76,125,gene1,9,group1
129,111,gene1,9,group1
112,119,gene1,9,group1
163,140,gene1,9,group1
147,80,gene1,9,group1
150,69,gene1,9,group1
124,39,gene1,9,group1
159,102,gene1,9,group1
85,54,gene1,9,group1
177,145,gene1,9,group1
108,81,gene1,9,group1
172,80,gene1,9,group1
53,77,gene1,9,group1
135,148,gene1,9,group1
105,116,gene1,9,group1
109,40,gene1,9,group1
146,108,gene1,9,group1
103,174,gene1,9,group1
118,124,gene1,9,group1
85,147,gene1,9,group1
167,76,gene1,9,group1
181,135,gene1,9,group1
129,155,gene1,9,group1
142,95,gene1,9,group1
41,129,gene1,9,group1
172,77,gene1,9,group1
86,127,gene1,9,group1
100,183,gene1,9,group1
98,107,gene1,9,group1
84,144,gene1,9,group1
97,152,gene3,9,group1
167,62,gene3,9,group1
85,79,gene3,9,group1
149,53,gene1,10,group1
146,138,gene1,10,group1
106,101,gene1,10,group1
148,128,gene1,10,group1
120,60,gene1,10,group1
115,44,gene1,10,group1
101,88,gene1,10,group1
138,135,gene1,10,group1
148,136,gene1,10,group1
156,127,gene1,10,group1
181,108,gene1,10,group1
120,43,gene1,10,group1
138,158,gene1,10,group1
170,71,gene1,10,group1
181,125,gene1,10,group1
54,85,gene1,10,group1
117,43,gene1,10,group1
117,137,gene1,10,group1
69,107,gene1,10,group1
141,73,gene1,10,group1
74,140,gene1,10,group1
115,167,gene1,10,group1
52,78,gene1,10,group1
69,71,gene1,10,group1
179,136,gene1,10,group1
83,125,gene1,10,group1
81,104,gene1,10,group1
88,103,gene1,10,group1
120,101,gene1,10,group1
103,169,gene1,10,group1
153,76,gene1,10,group1
117,55,gene1,10,group1
86,153,gene1,10,group1
98,154,gene1,10,group1
170,77,gene1,10,group1
122,71,gene1,10,group1
57,63,gene1,10,group1
146,127,gene1,10,group1
122,133,gene1,10,group1
168,129,gene1,10,group1
67,71,gene1,10,group1
118,42,gene1,10,group1
83,69,gene1,10,group1
41,123,gene1,10,group1
86,48,gene1,10,group1
142,52,gene1,10,group1
116,136,gene1,10,group1
50,80,gene1,10,group1
128,56,gene1,10,group1
141,50,gene1,10,group1
127,102,gene2,10,group1
116,181,gene2,10,group1
153,142,gene2,10,group1
104,85,gene3,10,group1
136,53,gene1,11,group1
128,61,gene1,11,group1
126,42,gene1,11,group1
82,140,gene1,11,group1
40,119,gene1,11,group1
163,158,gene1,11,group1
174,139,gene1,11,group1
104,44,gene1,11,group1
57,122,gene1,11,group1
128,62,gene1,11,group1
76,169,gene1,11,group1
110,46,gene1,11,group1
123,77,gene1,11,group1
78,81,gene1,11,group1
77,99,gene1,11,group1
121,43,gene1,11,group1
160,138,gene1,11,group1
48,94,gene1,11,group1
98,109,gene1,11,group1
121,80,gene1,11,group1
97,127,gene1,11,group1
94,78,gene1,11,group1
144,155,gene1,11,group1
130,181,gene1,11,group1
72,135,gene1,11,group1
81,75,gene1,11,group1
119,167,gene1,11,group1
76,134,gene1,11,group1
122,100,gene1,11,group1
72,130,gene1,11,group1
167,92,gene1,11,group1
173,139,gene1,11,group1
55,70,gene1,11,group1
141,181,gene1,11,group1
126,61,gene1,11,group1
147,148,gene1,11,group1
99,157,gene1,11,group1
134,94,gene1,11,group1
138,98,gene1,11,group1
160,138,gene1,11,group1
101,107,gene1,11,group1
171,132,gene1,11,group1
158,97,gene1,11,group1
107,47,gene1,11,group1
119,137,gene1,11,group1
49,73,gene1,11,group1
137,43,gene1,11,group1
144,137,gene1,11,group1
147,63,gene1,11,group1
154,155,gene1,11,group1
80,124,gene2,11,group1
142,77,gene3,11,group1
109,165,gene3,11,group1
65,131,gene3,11,group1
125,73,gene1,12,group1
128,158,gene1,12,group1
87,102,gene1,12,group1
120,112,gene1,12,group1
134,47,gene1,12,group1
111,178,gene1,12,group1
142,105,gene1,12,group1
133,90,gene1,12,group1
125,71,gene1,12,group1
70,65,gene1,12,group1
128,79,gene1,12,group1
155,56,gene1,12,group1
56,145,gene1,12,group1
72,80,gene1,12,group1
76,90,gene1,12,group1
79,95,gene1,12,group1
71,163,gene1,12,group1
128,110,gene1,12,group1
122,67,gene1,12,group1
141,104,gene1,12,group1
77,124,gene1,12,group1
165,121,gene1,12,group1
173,74,gene1,12,group1
133,179,gene1,12,group1
115,97,gene1,12,group1
133,125,gene1,12,group1
136,157,gene1,12,group1
167,115,gene1,12,group1
141,141,gene1,12,group1
62,76,gene1,12,group1
64,89,gene1,12,group1
168,65,gene1,12,group1
105,80,gene1,12,group1
133,58,gene1,12,group1
66,129,gene1,12,group1
160,118,gene1,12,group1
64,152,gene1,12,group1
101,161,gene1,12,group1
95,77,gene1,12,group1
79,169,gene1,12,group1
141,90,gene1,12,group1
149,140,gene1,12,group1
104,42,gene1,12,group1
136,80,gene1,12,group1
50,133,gene1,12,group1
140,122,gene1,12,group1
96,166,gene1,12,group1
159,63,gene1,12,group1
105,166,gene1,12,group1
137,158,gene1,12,group1
83,95,gene2,12,group1
175,130,gene2,12,group1
114,73,gene3,12,group1
153,54,gene1,13,group1
54,159,gene1,13,group1
137,181,gene1,13,group1
141,179,gene1,13,group1
60,104,gene1,13,group1
160,95,gene1,13,group1
65,112,gene1,13,group1
73,129,gene1,13,group1
61,72,gene1,13,group1
51,72,gene1,13,group1
45,140,gene1,13,group1
64,158,gene1,13,group1
180,125,gene1,13,group1
124,61,gene1,13,group1
95,164,gene1,13,group1
116,107,gene1,13,group1
163,127,gene1,13,group1
167,124,gene1,13,group1
115,183,gene1,13,group1
145,94,gene1,13,group1
131,134,gene1,13,group1
74,96,gene1,13,group1
110,88,gene1,13,group1
160,128,gene1,13,group1
109,135,gene1,13,group1
70,67,gene1,13,group1
139,127,gene1,13,group1
165,157,gene1,13,group1
95,132,gene1,13,group1
128,147,gene1,13,group1
108,128,gene1,13,group1
139,109,gene1,13,group1
63,159,gene1,13,group1
111,67,gene1,13,group1
151,76,gene1,13,group1
125,99,gene1,13,group1
84,123,gene1,13,group1
164,95,gene1,13,group1
65,135,gene1,13,group1
136,155,gene1,13,group1
168,155,gene1,13,group1
181,93,gene1,13,group1
139,165,gene1,13,group1
116,161,gene1,13,group1
96,117,gene1,13,group1
60,157,gene1,13,group1
118,137,gene1,13,group1
95,147,gene1,13,group1
47,141,gene1,13,group1
60,104,gene1,13,group1
120,82,gene2,13,group1
83,130,gene1,14,group1
44,96,gene1,14,group1
134,173,gene1,14,group1
66,88,gene1,14,group1
57,156,gene1,14,group1
170,143,gene1,14,group1
82,96,gene1,14,group1
95,143,gene1,14,group1
134,158,gene1,14,group1
90,134,gene1,14,group1
47,105,gene1,14,group1
125,131,gene1,14,group1
123,153,gene1,14,group1
71,169,gene1,14,group1
60,101,gene1,14,group1
63,63,gene1,14,group1
106,43,gene1,14,group1
73,71,gene1,14,group1
134,90,gene1,14,group1
183,118,gene1,14,group1
88,144,gene1,14,group1
64,158,gene1,14,group1
68,167,gene1,14,group1
151,157,gene1,14,group1
82,153,gene1,14,group1
177,123,gene1,14,group1
69,143,gene1,14,group1
102,133,gene1,14,group1
166,122,gene1,14,group1
96,153,gene1,14,group1
100,126,gene1,14,group1
160,142,gene1,14,group1
140,151,gene1,14,group1
94,146,gene1,14,group1
98,101,gene1,14,group1
159,158,gene1,14,group1
73,95,gene1,14,group1
149,109,gene1,14,group1
129,161,gene1,14,group1
75,170,gene1,14,group1
59,85,gene1,14,group1
113,169,gene1,14,group1
68,52,gene1,14,group1
76,124,gene1,14,group1
46,122,gene1,14,group1
78,156,gene1,14,group1
136,85,gene1,14,group1
142,164,gene1,14,group1
86,79,gene1,14,group1
137,49,gene1,14,group1
170,85,gene2,14,group1
120,83,gene2,14,group1
75,163,gene3,14,group1
183,91,gene3,14,group1
99,161,gene3,14,group1
118,179,gene1,15,group1
71,99,gene1,15,group1
150,94,gene1,15,group1
64,169,gene1,15,group1
145,110,gene1,15,group1
123,163,gene1,15,group1
86,78,gene1,15,group1
132,179,gene1,15,group1
128,149,gene1,15,group1
137,149,gene1,15,group1
118,156,gene1,15,group1
54,74,gene1,15,group1
93,66,gene1,15,group1
76,137,gene1,15,group1
90,131,gene1,15,group1
140,90,gene1,15,group1
59,142,gene1,15,group1
142,175,gene1,15,group1
71,172,gene1,15,group1
162,116,gene1,15,group1
134,176,gene1,15,group1
144,129,gene1,15,group1
116,58,gene1,15,group1
42,98,gene1,15,group1
168,131,gene1,15,group1
76,156,gene1,15,group1
103,65,gene1,15,group1
151,108,gene1,15,group1
93,134,gene1,15,group1
135,166,gene1,15,group1
123,95,gene1,15,group1
104,59,gene1,15,group1
48,76,gene1,15,group1
117,186,gene1,15,group1
159,148,gene1,15,group1
118,135,gene1,15,group1
148,71,gene1,15,group1
67,147,gene1,15,group1
100,45,gene1,15,group1
106,104,gene1,15,group1
135,66,gene1,15,group1
125,111,gene1,15,group1
132,85,gene1,15,group1
52,123,gene1,15,group1
103,121,gene1,15,group1
72,125,gene1,15,group1
143,54,gene1,15,group1
101,183,gene1,15,group1
69,161,gene1,15,group1
94,125,gene1,15,group1
82,95,gene3,15,group1
139,88,gene1,16,group1
149,126,gene1,16,group1
77,105,gene1,16,group1
126,177,gene1,16,group1
88,92,gene1,16,group1
156,117,gene1,16,group1
69,107,gene1,16,group1
58,120,gene1,16,group1
115,119,gene1,16,group1
40,111,gene1,16,group1
66,79,gene1,16,group1
107,88,gene1,16,group1
125,151,gene1,16,group1
59,143,gene1,16,group1
141,68,gene1,16,group1
57,155,gene1,16,group1
119,81,gene1,16,group1
112,98,gene1,16,group1
148,110,gene1,16,group1
39,105,gene1,16,group1
56,117,gene1,16,group1
118,177,gene1,16,group1
110,49,gene1,16,group1
100,169,gene1,16,group1
72,103,gene1,16,group1
51,136,gene1,16,group1
144,108,gene1,16,group1
101,117,gene1,16,group1
151,68,gene1,16,group1
145,132,gene1,16,group1
80,170,gene1,16,group1
50,96,gene1,16,group1
159,135,gene1,16,group1
44,98,gene1,16,group1
57,115,gene1,16,group1
62,83,gene1,16,group1
69,149,gene1,16,group1
40,129,gene1,16,group1
171,142,gene1,16,group1
68,171,gene1,16,group1
100,164,gene1,16,group1
109,105,gene1,16,group1
140,147,gene1,16,group1
79,171,gene1,16,group1
128,88,gene1,16,group1
100,75,gene1,16,group1
93,114,gene1,16,group1
74,84,gene1,16,group1
178,101,gene1,16,group1
83,96,gene1,16,group1
77,99,gene2,16,group1
100,171,gene2,16,group1
113,42,gene2,16,group1
88,52,gene3,16,group1
142,79,gene3,16,group1
134,166,gene3,16,group1
136,91,gene1,17,group1
135,173,gene1,17,group1
63,69,gene1,17,group1
39,99,gene1,17,group1
138,152,gene1,17,group1
107,142,gene1,17,group1
125,138,gene1,17,group1
103,56,gene1,17,group1
99,90,gene1,17,group1
151,100,gene1,17,group1
152,71,gene1,17,group1
167,111,gene1,17,group1
126,128,gene1,17,group1
130,113,gene1,17,group1
165,101,gene1,17,group1
159,88,gene1,17,group1
138,123,gene1,17,group1
158,114,gene1,17,group1
149,72,gene1,17,group1
158,112,gene1,17,group1
121,126,gene1,17,group1
134,138,gene1,17,group1
165,113,gene1,17,group1
181,97,gene1,17,group1
85,147,gene1,17,group1
92,104,gene1,17,group1
168,79,gene1,17,group1
167,72,gene1,17,group1
166,158,gene1,17,group1
124,103,gene1,17,group1
147,114,gene1,17,group1
153,171,gene1,17,group1
50,86,gene1,17,group1
102,154,gene1,17,group1
88,63,gene1,17,group1
92,84,gene1,17,group1
81,129,gene1,17,group1
105,39,gene1,17,group1
79,116,gene1,17,group1
97,137,gene1,17,group1
164,129,gene1,17,group1
127,59,gene1,17,group1
173,106,gene1,17,group1
127,90,gene1,17,group1
135,87,gene1,17,group1
118,84,gene1,17,group1
82,164,gene1,17,group1
75,166,gene1,17,group1
50,148,gene1,17,group1
144,116,gene1,17,group1
85,52,gene2,17,group1
123,72,gene2,17,group1
107,161,gene3,17,group1
160,121,gene3,17,group1
106,56,gene1,18,group1
154,77,gene1,18,group1
64,168,gene1,18,group1
103,180,gene1,18,group1
140,151,gene1,18,group1
144,77,gene1,18,group1
144,69,gene1,18,group1
65,84,gene1,18,group1
160,112,gene1,18,group1
62,145,gene1,18,group1
104,107,gene1,18,group1
65,128,gene1,18,group1
72,68,gene1,18,group1
141,135,gene1,18,group1
117,72,gene1,18,group1
58,137,gene1,18,group1
49,90,gene1,18,group1
142,44,gene1,18,group1
49,139,gene1,18,group1
113,141,gene1,18,group1
140,176,gene1,18,group1
51,151,gene1,18,group1
175,74,gene1,18,group1
80,59,gene1,18,group1
110,105,gene1,18,group1
101,91,gene1,18,group1
109,76,gene1,18,group1
73,166,gene1,18,group1
71,66,gene1,18,group1
122,38,gene1,18,group1
119,74,gene1,18,group1
121,185,gene1,18,group1
132,90,gene1,18,group1
101,152,gene1,18,group1
121,161,gene1,18,group1
57,117,gene1,18,group1
149,135,gene1,18,group1
140,175,gene1,18,group1
146,169,gene1,18,group1
55,93,gene1,18,group1
73,139,gene1,18,group1
167,117,gene1,18,group1
74,55,gene1,18,group1
73,76,gene1,18,group1
45,135,gene1,18,group1
105,181,gene1,18,group1
114,127,gene1,18,group1
159,139,gene1,18,group1
118,156,gene1,18,group1
168,125,gene1,18,group1
135,130,gene2,18,group1
100,184,gene3,18,group1
56,158,gene3,18,group1
65,131,gene1,19,group1
148,99,gene1,19,group1
182,128,gene1,19,group1
47,130,gene1,19,group1
83,124,gene1,19,group1
105,161,gene1,19,group1
160,144,gene1,19,group1
159,125,gene1,19,group1
78,48,gene1,19,group1
79,135,gene1,19,group1
110,185,gene1,19,group1
160,91,gene1,19,group1
81,150,gene1,19,group1
117,185,gene1,19,group1
120,147,gene1,19,group1
168,146,gene1,19,group1
137,97,gene1,19,group1
131,134,gene1,19,group1
112,98,gene1,19,group1
91,102,gene1,19,group1
98,174,gene1,19,group1
153,97,gene1,19,group1
123,74,gene1,19,group1
119,99,gene1,19,group1
73,102,gene1,19,group1
177,81,gene1,19,group1
151,159,gene1,19,group1
89,83,gene1,19,group1
128,100,gene1,19,group1
164,90,gene1,19,group1
112,136,gene1,19,group1
106,168,gene1,19,group1
88,127,gene1,19,group1
141,117,gene1,19,group1
86,87,gene1,19,group1
154,57,gene1,19,group1
101,165,gene1,19,group1
110,161,gene1,19,group1
144,117,gene1,19,group1
135,50,gene1,19,group1
122,77,gene1,19,group1
105,180,gene1,19,group1
149,116,gene1,19,group1
177,143,gene1,19,group1
160,132,gene1,19,group1
93,59,gene1,19,group1
121,61,gene1,19,group1
181,97,gene1,19,group1
61,116,gene1,19,group1
137,69,gene1,19,group1
108,112,gene2,19,group1
84,94,gene3,19,group1
72,70,gene1,20,group1
95,103,gene1,20,group1
163,114,gene1,20,group1
74,106,gene1,20,group1
89,57,gene1,20,group1
71,141,gene1,20,group1
83,87,gene1,20,group1
126,174,gene1,20,group1
159,69,gene1,20,group1
106,57,gene1,20,group1
108,93,gene1,20,group1
69,74,gene1,20,group1
118,93,gene1,20,group1
81,153,gene1,20,group1
118,150,gene1,20,group1
96,107,gene1,20,group1
85,62,gene1,20,group1
126,162,gene1,20,group1
106,127,gene1,20,group1
109,92,gene1,20,group1
110,178,gene1,20,group1
137,53,gene1,20,group1
81,133,gene1,20,group1
66,61,gene1,20,group1
169,72,gene1,20,group1
154,73,gene1,20,group1
145,103,gene1,20,group1
174,86,gene1,20,group1
82,54,gene1,20,group1
104,149,gene1,20,group1
120,133,gene1,20,group1
125,136,gene1,20,group1
135,177,gene1,20,group1
45,115,gene1,20,group1
150,169,gene1,20,group1
90,156,gene1,20,group1
89,137,gene1,20,group1
59,61,gene1,20,group1
174,139,gene1,20,group1
68,166,gene1,20,group1
156,79,gene1,20,group1
45,88,gene1,20,group1
96,98,gene1,20,group1
61,133,gene1,20,group1
141,54,gene1,20,group1
177,91,gene1,20,group1
171,87,gene1,20,group1
92,162,gene1,20,group1
60,86,gene1,20,group1
70,86,gene1,20,group1
138,104,gene2,20,group1
126,125,gene2,20,group1
89,45,gene2,20,group1
149,92,gene3,20,group1
97,153,gene1,21,group2
117,92,gene2,21,group2
125,104,gene2,21,group2
128,105,gene2,21,group2
112,108,gene2,21,group2
134,133,gene2,21,group2
129,132,gene2,21,group2
106,129,gene2,21,group2
92,126,gene2,21,group2
94,118,gene2,21,group2
110,126,gene2,21,group2
126,128,gene2,21,group2
92,101,gene2,21,group2
95,113,gene2,21,group2
102,88,gene2,21,group2
118,105,gene2,21,group2
96,120,gene2,21,group2
127,110,gene2,21,group2
134,130,gene2,21,group2
96,94,gene2,21,group2
119,107,gene2,21,group2
107,130,gene2,21,group2
133,91,gene2,21,group2
110,99,gene2,21,group2
99,105,gene2,21,group2
120,131,gene2,21,group2
114,128,gene2,21,group2
133,134,gene2,21,group2
111,112,gene2,21,group2
89,96,gene2,21,group2
115,91,gene2,21,group2
105,127,gene2,21,group2
129,96,gene2,21,group2
120,99,gene2,21,group2
125,118,gene2,21,group2
109,96,gene2,21,group2
124,96,gene2,21,group2
123,114,gene2,21,group2
103,134,gene2,21,group2
100,94,gene2,21,group2
97,95,gene2,21,group2
115,121,gene2,21,group2
114,98,gene2,21,group2
89,106,gene2,21,group2
135,117,gene2,21,group2
123,92,gene2,21,group2
130,110,gene2,21,group2
128,93,gene2,21,group2
93,118,gene2,21,group2
102,120,gene2,21,group2
89,88,gene2,21,group2
103,186,gene1,22,group2
102,180,gene1,22,group2
133,78,gene1,22,group2
102,127,gene2,22,group2
94,130,gene2,22,group2
124,133,gene2,22,group2
136,120,gene2,22,group2
97,118,gene2,22,group2
128,127,gene2,22,group2
102,87,gene2,22,group2
101,96,gene2,22,group2
132,125,gene2,22,group2
130,136,gene2,22,group2
96,127,gene2,22,group2
96,135,gene2,22,group2
124,126,gene2,22,group2
98,91,gene2,22,group2
93,104,gene2,22,group2
93,104,gene2,22,group2
126,116,gene2,22,group2
123,136,gene2,22,group2
103,124,gene2,22,group2
113,89,gene2,22,group2
132,91,gene2,22,group2
96,115,gene2,22,group2
90,109,gene2,22,group2
108,103,gene2,22,group2
127,113,gene2,22,group2
111,88,gene2,22,group2
105,128,gene2,22,group2
102,100,gene2,22,group2
136,92,gene2,22,group2
124,133,gene2,22,group2
96,102,gene2,22,group2
120,100,gene2,22,group2
115,107,gene2,22,group2
87,135,gene2,22,group2
103,113,gene2,22,group2
124,120,gene2,22,group2
122,95,gene2,22,group2
132,108,gene2,22,group2
132,123,gene2,22,group2
128,121,gene2,22,group2
111,99,gene2,22,group2
106,93,gene2,22,group2
115,128,gene2,22,group2
127,104,gene2,22,group2
102,128,gene2,22,group2
103,136,gene2,22,group2
106,92,gene2,22,group2
110,96,gene2,22,group2
115,88,gene2,22,group2
111,128,gene2,22,group2
50,110,gene3,22,group2
167,145,gene3,22,group2
169,86,gene3,22,group2
38,105,gene1,23,group2
93,111,gene2,23,group2
132,103,gene2,23,group2
99,118,gene2,23,group2
117,103,gene2,23,group2
119,112,gene2,23,group2
95,125,gene2,23,group2
118,104,gene2,23,group2
98,131,gene2,23,group2
87,100,gene2,23,group2
108,103,gene2,23,group2
132,132,gene2,23,group2
93,129,gene2,23,group2
88,114,gene2,23,group2
106,107,gene2,23,group2
126,133,gene2,23,group2
99,108,gene2,23,group2
113,136,gene2,23,group2
95,128,gene2,23,group2
94,102,gene2,23,group2
109,135,gene2,23,group2
133,117,gene2,23,group2
115,98,gene2,23,group2
130,109,gene2,23,group2
114,114,gene2,23,group2
113,110,gene2,23,group2
124,93,gene2,23,group2
92,122,gene2,23,group2
115,95,gene2,23,group2
93,87,gene2,23,group2
120,131,gene2,23,group2
111,128,gene2,23,group2
117,102,gene2,23,group2
112,127,gene2,23,group2
133,93,gene2,23,group2
113,90,gene2,23,group2
130,105,gene2,23,group2
125,97,gene2,23,group2
106,104,gene2,23,group2
120,94,gene2,23,group2
122,129,gene2,23,group2
130,108,gene2,23,group2
87,96,gene2,23,group2
87,92,gene2,23,group2
108,135,gene2,23,group2
108,115,gene2,23,group2
99,102,gene2,23,group2
110,129,gene2,23,group2
123,116,gene2,23,group2
103,121,gene2,23,group2
97,115,gene2,23,group2
121,90,gene3,23,group2
116,176,gene3,23,group2
66,165,gene3,23,group2
60,63,gene1,24,group2
176,110,gene1,24,group2
134,90,gene2,24,group2
102,94,gene2,24,group2
130,97,gene2,24,group2
115,97,gene2,24,group2
97,116,gene2,24,group2
103,131,gene2,24,group2
97,115,gene2,24,group2
132,123,gene2,24,group2
88,122,gene2,24,group2
111,88,gene2,24,group2
94,93,gene2,24,group2
106,92,gene2,24,group2
127,136,gene2,24,group2
111,100,gene2,24,group2
103,133,gene2,24,group2
111,101,gene2,24,group2
116,128,gene2,24,group2
125,119,gene2,24,group2
122,110,gene2,24,group2
98,114,gene2,24,group2
127,87,gene2,24,group2
124,113,gene2,24,group2
125,101,gene2,24,group2
105,109,gene2,24,group2
119,107,gene2,24,group2
117,127,gene2,24,group2
135,134,gene2,24,group2
116,134,gene2,24,group2
132,103,gene2,24,group2
109,104,gene2,24,group2
136,97,gene2,24,group2
98,101,gene2,24,group2
116,107,gene2,24,group2
128,88,gene2,24,group2
110,117,gene2,24,group2
126,137,gene2,24,group2
131,105,gene2,24,group2
130,102,gene2,24,group2
88,93,gene2,24,group2
116,133,gene2,24,group2
120,98,gene2,24,group2
99,111,gene2,24,group2
131,125,gene2,24,group2
108,122,gene2,24,group2
95,89,gene2,24,group2
118,113,gene2,24,group2
116,137,gene2,24,group2
115,110,gene2,24,group2
87,99,gene2,24,group2
123,100,gene2,24,group2
70,59,gene1,25,group2
140,108,gene1,25,group2
90,57,gene1,25,group2
114,88,gene2,25,group2
121,117,gene2,25,group2
132,134,gene2,25,group2
108,134,gene2,25,group2
87,99,gene2,25,group2
126,105,gene2,25,group2
135,136,gene2,25,group2
113,115,gene2,25,group2
132,119,gene2,25,group2
131,105,gene2,25,group2
91,89,gene2,25,group2
92,109,gene2,25,group2
111,128,gene2,25,group2
113,111,gene2,25,group2
137,128,gene2,25,group2
131,135,gene2,25,group2
127,136,gene2,25,group2
101,105,gene2,25,group2
118,112,gene2,25,group2
122,87,gene2,25,group2
127,114,gene2,25,group2
127,105,gene2,25,group2
130,118,gene2,25,group2
96,112,gene2,25,group2
130,114,gene2,25,group2
112,132,gene2,25,group2
136,124,gene2,25,group2
133,125,gene2,25,group2
106,117,gene2,25,group2
122,110,gene2,25,group2
106,113,gene2,25,group2
124,128,gene2,25,group2
136,97,gene2,25,group2
109,89,gene2,25,group2
114,115,gene2,25,group2
115,106,gene2,25,group2
91,130,gene2,25,group2
101,108,gene2,25,group2
101,111,gene2,25,group2
88,126,gene2,25,group2
108,96,gene2,25,group2
98,118,gene2,25,group2
91,136,gene2,25,group2
93,98,gene2,25,group2
125,89,gene2,25,group2
101,128,gene2,25,group2
98,87,gene2,25,group2
128,120,gene2,25,group2
130,114,gene2,25,group2
130,114,gene2,25,group2
111,138,gene3,25,group2
116,173,gene1,26,group2
46,77,gene1,26,group2
159,77,gene1,26,group2
93,129,gene2,26,group2
94,117,gene2,26,group2
133,105,gene2,26,group2
133,106,gene2,26,group2
106,112,gene2,26,group2
89,124,gene2,26,group2
104,108,gene2,26,group2
135,116,gene2,26,group2
91,90,gene2,26,group2
135,128,gene2,26,group2
132,105,gene2,26,group2
101,116,gene2,26,group2
127,106,gene2,26,group2
122,100,gene2,26,group2
111,91,gene2,26,group2
114,89,gene2,26,group2
89,137,gene2,26,group2
92,110,gene2,26,group2
87,105,gene2,26,group2
106,90,gene2,26,group2
87,89,gene2,26,group2
126,89,gene2,26,group2
96,125,gene2,26,group2
97,117,gene2,26,group2
128,92,gene2,26,group2
124,95,gene2,26,group2
88,134,gene2,26,group2
122,95,gene2,26,group2
137,93,gene2,26,group2
91,132,gene2,26,group2
91,125,gene2,26,group2
136,129,gene2,26,group2
94,99,gene2,26,group2
93,118,gene2,26,group2
114,92,gene2,26,group2
94,117,gene2,26,group2
132,115,gene2,26,group2
119,133,gene2,26,group2
97,121,gene2,26,group2
93,95,gene2,26,group2
110,133,gene2,26,group2
114,119,gene2,26,group2
95,92,gene2,26,group2
127,119,gene2,26,group2
89,133,gene2,26,group2
122,102,gene2,26,group2
93,133,gene2,26,group2
137,111,gene2,26,group2
110,120,gene2,26,group2
107,122,gene2,26,group2
115,98,gene3,26,group2
76,140,gene3,26,group2
130,109,gene3,26,group2
166,132,gene1,27,group2
102,90,gene1,27,group2
128,95,gene2,27,group2
98,94,gene2,27,group2
118,134,gene2,27,group2
117,129,gene2,27,group2
95,104,gene2,27,group2
103,95,gene2,27,group2
89,98,gene2,27,group2
129,109,gene2,27,group2
134,107,gene2,27,group2
99,127,gene2,27,group2
93,119,gene2,27,group2
137,118,gene2,27,group2
96,127,gene2,27,group2
103,107,gene2,27,group2
99,127,gene2,27,group2
94,126,gene2,27,group2
129,131,gene2,27,group2
102,109,gene2,27,group2
112,136,gene2,27,group2
93,104,gene2,27,group2
136,111,gene2,27,group2
122,109,gene2,27,group2
89,127,gene2,27,group2
108,101,gene2,27,group2
112,89,gene2,27,group2
135,113,gene2,27,group2
121,104,gene2,27,group2
136,97,gene2,27,group2
103,89,gene2,27,group2
134,104,gene2,27,group2
133,92,gene2,27,group2
108,128,gene2,27,group2
113,87,gene2,27,group2
136,130,gene2,27,group2
104,101,gene2,27,group2
128,136,gene2,27,group2
132,98,gene2,27,group2
103,110,gene2,27,group2
120,127,gene2,27,group2
94,97,gene2,27,group2
118,99,gene2,27,group2
123,126,gene2,27,group2
124,91,gene2,27,group2
113,105,gene2,27,group2
131,130,gene2,27,group2
89,103,gene2,27,group2
87,88,gene2,27,group2
125,97,gene2,27,group2
108,98,gene2,27,group2
112,101,gene2,27,group2
85,153,gene3,27,group2
122,125,gene1,28,group2
130,66,gene1,28,group2
130,84,gene1,28,group2
117,101,gene2,28,group2
133,130,gene2,28,group2
133,127,gene2,28,group2
134,133,gene2,28,group2
127,111,gene2,28,group2
135,125,gene2,28,group2
87,129,gene2,28,group2
99,126,gene2,28,group2
134,118,gene2,28,group2
113,135,gene2,28,group2
112,97,gene2,28,group2
96,130,gene2,28,group2
114,111,gene2,28,group2
115,134,gene2,28,group2
133,128,gene2,28,group2
134,100,gene2,28,group2
103,91,gene2,28,group2
131,97,gene2,28,group2
123,87,gene2,28,group2
106,134,gene2,28,group2
98,93,gene2,28,group2
96,103,gene2,28,group2
98,112,gene2,28,group2
103,120,gene2,28,group2
128,113,gene2,28,group2
107,121,gene2,28,group2
133,114,gene2,28,group2
118,116,gene2,28,group2
94,103,gene2,28,group2
125,107,gene2,28,group2
103,103,gene2,28,group2
133,105,gene2,28,group2
111,125,gene2,28,group2
119,88,gene2,28,group2
118,128,gene2,28,group2
119,119,gene2,28,group2
99,114,gene2,28,group2
104,133,gene2,28,group2
128,135,gene2,28,group2
113,133,gene2,28,group2
89,88,gene2,28,group2
113,122,gene2,28,group2
92,104,gene2,28,group2
132,88,gene2,28,group2
88,118,gene2,28,group2
130,111,gene2,28,group2
121,109,gene2,28,group2
122,117,gene2,28,group2
120,115,gene2,28,group2
122,134,gene2,28,group2
128,90,gene3,28,group2
115,147,gene3,28,group2
54,93,gene3,28,group2
97,137,gene2,29,group2
125,116,gene2,29,group2
127,95,gene2,29,group2
118,107,gene2,29,group2
115,131,gene2,29,group2
96,118,gene2,29,group2
137,103,gene2,29,group2
118,108,gene2,29,group2
132,120,gene2,29,group2
133,101,gene2,29,group2
136,89,gene2,29,group2
110,119,gene2,29,group2
103,112,gene2,29,group2
121,128,gene2,29,group2
125,93,gene2,29,group2
106,95,gene2,29,group2
119,95,gene2,29,group2
96,91,gene2,29,group2
108,99,gene2,29,group2
89,88,gene2,29,group2
118,117,gene2,29,group2
91,123,gene2,29,group2
120,90,gene2,29,group2
95,127,gene2,29,group2
116,123,gene2,29,group2
95,123,gene2,29,group2
103,92,gene2,29,group2
106,109,gene2,29,group2
95,116,gene2,29,group2
110,89,gene2,29,group2
108,93,gene2,29,group2
93,126,gene2,29,group2
130,94,gene2,29,group2
106,129,gene2,29,group2
106,124,gene2,29,group2
110,98,gene2,29,group2
136,87,gene2,29,group2
129,135,gene2,29,group2
117,112,gene2,29,group2
112,127,gene2,29,group2
100,92,gene2,29,group2
113,104,gene2,29,group2
118,114,gene2,29,group2
129,118,gene2,29,group2
111,96,gene2,29,group2
114,100,gene2,29,group2
135,114,gene2,29,group2
127,136,gene2,29,group2
99,104,gene2,29,group2
91,95,gene2,29,group2
119,129,gene3,29,group2
111,152,gene3,29,group2
124,99,gene3,29,group2
155,69,gene1,30,group2
132,108,gene2,30,group2
101,118,gene2,30,group2
96,93,gene2,30,group2
121,124,gene2,30,group2
125,115,gene2,30,group2
133,107,gene2,30,group2
98,92,gene2,30,group2
129,107,gene2,30,group2
97,104,gene2,30,group2
109,129,gene2,30,group2
132,94,gene2,30,group2
94,111,gene2,30,group2
107,135,gene2,30,group2
107,106,gene2,30,group2
108,135,gene2,30,group2
87,99,gene2,30,group2
129,128,gene2,30,group2
106,127,gene2,30,group2
98,97,gene2,30,group2
122,97,gene2,30,group2
117,102,gene2,30,group2
92,132,gene2,30,group2
120,103,gene2,30,group2
132,93,gene2,30,group2
90,111,gene2,30,group2
134,92,gene2,30,group2
112,116,gene2,30,group2
118,129,gene2,30,group2
96,132,gene2,30,group2
96,90,gene2,30,group2
94,96,gene2,30,group2
127,94,gene2,30,group2
112,125,gene2,30,group2
93,105,gene2,30,group2
92,123,gene2,30,group2
124,93,gene2,30,group2
100,134,gene2,30,group2
106,112,gene2,30,group2
98,120,gene2,30,group2
115,131,gene2,30,group2
104,135,gene2,30,group2
108,127,gene2,30,group2
98,128,gene2,30,group2
112,103,gene2,30,group2
98,97,gene2,30,group2
133,92,gene2,30,group2
100,127,gene2,30,group2
120,136,gene2,30,group2
109,130,gene2,30,group2
134,116,gene2,30,group2
169,145,gene1,31,group2
114,154,gene1,31,group2
90,95,gene2,31,group2
109,98,gene2,31,group2
118,101,gene2,31,group2
101,91,gene2,31,group2
95,135,gene2,31,group2
115,114,gene2,31,group2
93,110,gene2,31,group2
135,101,gene2,31,group2
94,107,gene2,31,group2
95,99,gene2,31,group2
102,126,gene2,31,group2
122,107,gene2,31,group2
129,118,gene2,31,group2
108,124,gene2,31,group2
127,117,gene2,31,group2
119,129,gene2,31,group2
104,136,gene2,31,group2
105,88,gene2,31,group2
126,130,gene2,31,group2
126,98,gene2,31,group2
104,99,gene2,31,group2
119,122,gene2,31,group2
132,94,gene2,31,group2
106,115,gene2,31,group2
98,94,gene2,31,group2
90,116,gene2,31,group2
120,120,gene2,31,group2
122,126,gene2,31,group2
123,121,gene2,31,group2
134,129,gene2,31,group2
111,113,gene2,31,group2
107,125,gene2,31,group2
137,108,gene2,31,group2
101,108,gene2,31,group2
118,96,gene2,31,group2
120,133,gene2,31,group2
134,88,gene2,31,group2
134,117,gene2,31,group2
95,87,gene2,31,group2
92,122,gene2,31,group2
88,95,gene2,31,group2
135,94,gene2,31,group2
90,107,gene2,31,group2
106,129,gene2,31,group2
99,136,gene2,31,group2
91,130,gene2,31,group2
90,135,gene2,31,group2
101,133,gene2,31,group2
98,137,gene2,31,group2
110,111,gene2,31,group2
144,90,gene3,31,group2
137,47,gene3,31,group2
143,76,gene1,32,group2
136,99,gene2,32,group2
91,124,gene2,32,group2
127,95,gene2,32,group2
137,107,gene2,32,group2
135,104,gene2,32,group2
105,136,gene2,32,group2
115,108,gene2,32,group2
120,113,gene2,32,group2
118,108,gene2,32,group2
104,120,gene2,32,group2
106,115,gene2,32,group2
137,121,gene2,32,group2
108,112,gene2,32,group2
129,108,gene2,32,group2
112,135,gene2,32,group2
104,131,gene2,32,group2
87,100,gene2,32,group2
132,116,gene2,32,group2
135,106,gene2,32,group2
112,114,gene2,32,group2
134,134,gene2,32,group2
130,95,gene2,32,group2
98,117,gene2,32,group2
99,97,gene2,32,group2
126,99,gene2,32,group2
91,104,gene2,32,group2
119,119,gene2,32,group2
97,124,gene2,32,group2
98,129,gene2,32,group2
118,94,gene2,32,group2
117,102,gene2,32,group2
114,98,gene2,32,group2
94,90,gene2,32,group2
120,89,gene2,32,group2
131,134,gene2,32,group2
92,137,gene2,32,group2
134,133,gene2,32,group2
93,124,gene2,32,group2
95,96,gene2,32,group2
123,100,gene2,32,group2
128,109,gene2,32,group2
110,93,gene2,32,group2
93,111,gene2,32,group2
118,95,gene2,32,group2
108,123,gene2,32,group2
120,100,gene2,32,group2
125,101,gene2,32,group2
135,125,gene2,32,group2
123,115,gene2,32,group2
125,105,gene2,32,group2
144,61,gene1,33,group2
134,99,gene2,33,group2
132,95,gene2,33,group2
98,131,gene2,33,group2
104,104,gene2,33,group2
137,130,gene2,33,group2
107,97,gene2,33,group2
115,132,gene2,33,group2
108,121,gene2,33,group2
93,135,gene2,33,group2
92,112,gene2,33,group2
87,90,gene2,33,group2
99,108,gene2,33,group2
114,102,gene2,33,group2
108,114,gene2,33,group2
124,94,gene2,33,group2
108,91,gene2,33,group2
117,125,gene2,33,group2
118,106,gene2,33,group2
102,111,gene2,33,group2
132,90,gene2,33,group2
109,108,gene2,33,group2
97,92,gene2,33,group2
122,104,gene2,33,group2
116,87,gene2,33,group2
137,126,gene2,33,group2
127,97,gene2,33,group2
96,134,gene2,33,group2
122,123,gene2,33,group2
108,130,gene2,33,group2
134,116,gene2,33,group2
131,91,gene2,33,group2
137,111,gene2,33,group2
104,116,gene2,33,group2
105,88,gene2,33,group2
112,88,gene2,33,group2
116,94,gene2,33,group2
95,106,gene2,33,group2
108,106,gene2,33,group2
125,96,gene2,33,group2
118,115,gene2,33,group2
87,125,gene2,33,group2
107,96,gene2,33,group2
113,88,gene2,33,group2
106,98,gene2,33,group2
123,97,gene2,33,group2
92,113,gene2,33,group2
135,119,gene2,33,group2
115,121,gene2,33,group2
128,136,gene2,33,group2
95,113,gene2,33,group2
129,80,gene3,33,group2
58,60,gene3,33,group2
65,88,gene1,34,group2
117,132,gene2,34,group2
128,99,gene2,34,group2
88,137,gene2,34,group2
111,108,gene2,34,group2
103,109,gene2,34,group2
124,103,gene2,34,group2
115,120,gene2,34,group2
134,89,gene2,34,group2
106,115,gene2,34,group2
114,101,gene2,34,group2
135,134,gene2,34,group2
134,117,gene2,34,group2
87,120,gene2,34,group2
125,133,gene2,34,group2
112,132,gene2,34,group2
108,100,gene2,34,group2
123,109,gene2,34,group2
105,97,gene2,34,group2
98,133,gene2,34,group2
132,104,gene2,34,group2
99,94,gene2,34,group2
109,134,gene2,34,group2
111,96,gene2,34,group2
106,103,gene2,34,group2
132,126,gene2,34,group2
97,112,gene2,34,group2
88,129,gene2,34,group2
91,98,gene2,34,group2
111,113,gene2,34,group2
92,91,gene2,34,group2
130,123,gene2,34,group2
102,121,gene2,34,group2
91,100,gene2,34,group2
107,134,gene2,34,group2
115,122,gene2,34,group2
132,125,gene2,34,group2
137,93,gene2,34,group2
136,97,gene2,34,group2
97,136,gene2,34,group2
125,124,gene2,34,group2
125,90,gene2,34,group2
115,136,gene2,34,group2
103,100,gene2,34,group2
121,90,gene2,34,group2
118,91,gene2,34,group2
88,128,gene2,34,group2
90,125,gene2,34,group2
99,97,gene2,34,group2
118,135,gene2,34,group2
129,99,gene2,34,group2
59,75,gene3,34,group2
132,176,gene3,34,group2
126,108,gene2,35,group2
128,106,gene2,35,group2
121,137,gene2,35,group2
101,124,gene2,35,group2
106,87,gene2,35,group2
123,113,gene2,35,group2
109,91,gene2,35,group2
108,104,gene2,35,group2
136,109,gene2,35,group2
93,106,gene2,35,group2
123,96,gene2,35,group2
109,89,gene2,35,group2
133,87,gene2,35,group2
128,125,gene2,35,group2
112,87,gene2,35,group2
114,101,gene2,35,group2
114,123,gene2,35,group2
116,105,gene2,35,group2
87,98,gene2,35,group2
131,123,gene2,35,group2
116,121,gene2,35,group2
91,128,gene2,35,group2
136,87,gene2,35,group2
129,89,gene2,35,group2
92,95,gene2,35,group2
112,111,gene2,35,group2
125,98,gene2,35,group2
133,101,gene2,35,group2
128,122,gene2,35,group2
93,88,gene2,35,group2
89,112,gene2,35,group2
112,105,gene2,35,group2
97,111,gene2,35,group2
88,129,gene2,35,group2
107,127,gene2,35,group2
113,120,gene2,35,group2
99,119,gene2,35,group2
109,125,gene2,35,group2
102,130,gene2,35,group2
89,113,gene2,35,group2
118,119,gene2,35,group2
127,90,gene2,35,group2
99,108,gene2,35,group2
116,133,gene2,35,group2
98,123,gene2,35,group2
99,100,gene2,35,group2
89,99,gene2,35,group2
94,105,gene2,35,group2
135,107,gene2,35,group2
108,133,gene2,35,group2
73,83,gene3,35,group2
107,51,gene3,35,group2
164,78,gene1,36,group2
134,93,gene1,36,group2
141,136,gene1,36,group2
95,122,gene2,36,group2
127,115,gene2,36,group2
126,131,gene2,36,group2
110,89,gene2,36,group2
128,126,gene2,36,group2
120,101,gene2,36,group2
100,119,gene2,36,group2
112,118,gene2,36,group2
101,123,gene2,36,group2
133,92,gene2,36,group2
121,94,gene2,36,group2
96,97,gene2,36,group2
106,88,gene2,36,group2
107,94,gene2,36,group2
95,126,gene2,36,group2
127,120,gene2,36,group2
126,137,gene2,36,group2
98,121,gene2,36,group2
113,103,gene2,36,group2
87,135,gene2,36,group2
137,110,gene2,36,group2
95,89,gene2,36,group2
119,100,gene2,36,group2
132,115,gene2,36,group2
129,126,gene2,36,group2
104,136,gene2,36,group2
113,136,gene2,36,group2
90,135,gene2,36,group2
102,124,gene2,36,group2
104,99,gene2,36,group2
108,129,gene2,36,group2
93,131,gene2,36,group2
104,118,gene2,36,group2
110,105,gene2,36,group2
90,103,gene2,36,group2
131,93,gene2,36,group2
109,105,gene2,36,group2
99,108,gene2,36,group2
101,102,gene2,36,group2
99,99,gene2,36,group2
130,111,gene2,36,group2
94,121,gene2,36,group2
103,129,gene2,36,group2
97,109,gene2,36,group2
112,88,gene2,36,group2
121,129,gene2,36,group2
89,121,gene2,36,group2
114,130,gene2,36,group2
94,103,gene2,36,group2
132,99,gene2,36,group2
58,63,gene3,36,group2
165,145,gene3,36,group2
82,74,gene1,37,group2
68,110,gene1,37,group2
133,134,gene2,37,group2
135,105,gene2,37,group2
98,118,gene2,37,group2
105,102,gene2,37,group2
121,124,gene2,37,group2
131,102,gene2,37,group2
91,117,gene2,37,group2
99,109,gene2,37,group2
114,104,gene2,37,group2
107,93,gene2,37,group2
137,95,gene2,37,group2
116,127,gene2,37,group2
109,119,gene2,37,group2
95,91,gene2,37,group2
136,116,gene2,37,group2
112,136,gene2,37,group2
117,107,gene2,37,group2
126,106,gene2,37,group2
117,96,gene2,37,group2
105,89,gene2,37,group2
113,131,gene2,37,group2
91,116,gene2,37,group2
124,98,gene2,37,group2
91,135,gene2,37,group2
94,112,gene2,37,group2
101,105,gene2,37,group2
127,93,gene2,37,group2
114,127,gene2,37,group2
124,105,gene2,37,group2
121,88,gene2,37,group2
123,90,gene2,37,group2
112,134,gene2,37,group2
113,120,gene2,37,group2
110,101,gene2,37,group2
136,102,gene2,37,group2
97,128,gene2,37,group2
128,93,gene2,37,group2
94,121,gene2,37,group2
125,96,gene2,37,group2
105,109,gene2,37,group2
118,119,gene2,37,group2
102,114,gene2,37,group2
136,96,gene2,37,group2
125,125,gene2,37,group2
98,108,gene2,37,group2
98,135,gene2,37,group2
129,88,gene2,37,group2
108,96,gene2,37,group2
93,119,gene2,37,group2
107,125,gene2,37,group2
63,159,gene3,37,group2
110,122,gene1,38,group2
60,90,gene1,38,group2
47,140,gene1,38,group2
103,119,gene2,38,group2
132,108,gene2,38,group2
101,124,gene2,38,group2
108,103,gene2,38,group2
133,137,gene2,38,group2
134,131,gene2,38,group2
91,115,gene2,38,group2
95,89,gene2,38,group2
129,93,gene2,38,group2
115,132,gene2,38,group2
104,135,gene2,38,group2
108,103,gene2,38,group2
115,88,gene2,38,group2
108,133,gene2,38,group2
107,127,gene2,38,group2
102,109,gene2,38,group2
133,110,gene2,38,group2
109,132,gene2,38,group2
111,99,gene2,38,group2
88,112,gene2,38,group2
127,124,gene2,38,group2
121,106,gene2,38,group2
112,137,gene2,38,group2
125,88,gene2,38,group2
121,94,gene2,38,group2
107,88,gene2,38,group2
114,96,gene2,38,group2
92,95,gene2,38,group2
90,129,gene2,38,group2
122,105,gene2,38,group2
99,135,gene2,38,group2
128,110,gene2,38,group2
102,123,gene2,38,group2
92,135,gene2,38,group2
101,129,gene2,38,group2
114,107,gene2,38,group2
128,127,gene2,38,group2
131,127,gene2,38,group2
105,88,gene2,38,group2
91,116,gene2,38,group2
104,127,gene2,38,group2
111,100,gene2,38,group2
97,133,gene2,38,group2
115,87,gene2,38,group2
97,87,gene2,38,group2
97,123,gene2,38,group2
130,90,gene2,38,group2
92,110,gene2,38,group2
136,90,gene2,38,group2
129,101,gene2,38,group2
164,102,gene3,38,group2
181,132,gene1,39,group2
174,117,gene1,39,group2
128,136,gene2,39,group2
131,118,gene2,39,group2
126,119,gene2,39,group2
136,90,gene2,39,group2
102,95,gene2,39,group2
134,100,gene2,39,group2
101,93,gene2,39,group2
95,93,gene2,39,group2
89,125,gene2,39,group2
122,92,gene2,39,group2
124,133,gene2,39,group2
126,114,gene2,39,group2
116,128,gene2,39,group2
115,112,gene2,39,group2
87,134,gene2,39,group2
126,135,gene2,39,group2
127,120,gene2,39,group2
127,107,gene2,39,group2
132,120,gene2,39,group2
100,95,gene2,39,group2
126,106,gene2,39,group2
122,105,gene2,39,group2
130,112,gene2,39,group2
125,120,gene2,39,group2
135,90,gene2,39,group2
116,123,gene2,39,group2
123,102,gene2,39,group2
112,103,gene2,39,group2
122,129,gene2,39,group2
106,134,gene2,39,group2
94,107,gene2,39,group2
123,132,gene2,39,group2
103,131,gene2,39,group2
119,104,gene2,39,group2
115,115,gene2,39,group2
93,124,gene2,39,group2
106,107,gene2,39,group2
131,91,gene2,39,group2
132,114,gene2,39,group2
108,134,gene2,39,group2
87,93,gene2,39,group2
132,108,gene2,39,group2
124,93,gene2,39,group2
122,99,gene2,39,group2
123,130,gene2,39,group2
129,87,gene2,39,group2
88,88,gene2,39,group2
106,134,gene2,39,group2
116,94,gene2,39,group2
120,129,gene2,39,group2
97,107,gene1,40,group2
168,114,gene1,40,group2
104,88,gene1,40,group2
134,112,gene2,40,group2
125,115,gene2,40,group2
117,106,gene2,40,group2
108,87,gene2,40,group2
135,123,gene2,40,group2
136,125,gene2,40,group2
125,136,gene2,40,group2
105,93,gene2,40,group2
108,131,gene2,40,group2
92,96,gene2,40,group2
111,116,gene2,40,group2
103,109,gene2,40,group2
104,126,gene2,40,group2
130,134,gene2,40,group2
136,101,gene2,40,group2
132,98,gene2,40,group2
122,116,gene2,40,group2
116,103,gene2,40,group2
117,93,gene2,40,group2
92,130,gene2,40,group2
98,122,gene2,40,group2
90,136,gene2,40,group2
103,110,gene2,40,group2
108,110,gene2,40,group2
90,111,gene2,40,group2
129,108,gene2,40,group2
98,105,gene2,40,group2
117,89,gene2,40,group2
121,119,gene2,40,group2
106,107,gene2,40,group2
104,135,gene2,40,group2
126,127,gene2,40,group2
107,91,gene2,40,group2
109,88,gene2,40,group2
115,126,gene2,40,group2
98,109,gene2,40,group2
126,105,gene2,40,group2
131,103,gene2,40,group2
118,87,gene2,40,group2
115,97,gene2,40,group2
102,109,gene2,40,group2
101,94,gene2,40,group2
128,90,gene2,40,group2
111,115,gene2,40,group2
137,111,gene2,40,group2
128,125,gene2,40,group2
89,107,gene2,40,group2
88,130,gene2,40,group2
87,116,gene2,40,group2
103,100,gene2,40,group2
156,63,gene3,40,group2
104,63,gene1,41,group3
72,51,gene1,41,group3
39,102,gene1,41,group3
94,83,gene2,41,group3
102,152,gene2,41,group3
85,115,gene2,41,group3
95,139,gene2,41,group3
86,108,gene2,41,group3
103,79,gene2,41,group3
83,137,gene2,41,group3
137,107,gene2,41,group3
109,83,gene2,41,group3
147,118,gene2,41,group3
151,105,gene2,41,group3
105,84,gene2,41,group3
76,102,gene2,41,group3
80,123,gene2,41,group3
93,133,gene2,41,group3
134,80,gene2,41,group3
84,83,gene2,41,group3
141,113,gene2,41,group3
116,70,gene2,41,group3
140,145,gene2,41,group3
90,150,gene2,41,group3
148,116,gene2,41,group3
149,95,gene2,41,group3
136,148,gene2,41,group3
85,103,gene2,41,group3
144,115,gene2,41,group3
117,81,gene2,41,group3
115,152,gene2,41,group3
82,144,gene2,41,group3
89,145,gene2,41,group3
91,71,gene2,41,group3
141,124,gene2,41,group3
139,102,gene2,41,group3
123,77,gene2,41,group3
83,107,gene2,41,group3
146,98,gene2,41,group3
143,95,gene2,41,group3
84,96,gene2,41,group3
142,133,gene2,41,group3
111,140,gene2,41,group3
124,139,gene2,41,group3
139,131,gene2,41,group3
129,89,gene2,41,group3
84,121,gene2,41,group3
119,86,gene2,41,group3
96,86,gene2,41,group3
76,133,gene2,41,group3
127,136,gene2,41,group3
83,92,gene2,41,group3
79,92,gene2,41,group3
149,141,gene3,41,group3
153,110,gene2,42,group3
100,83,gene2,42,group3
135,87,gene2,42,group3
81,133,gene2,42,group3
135,75,gene2,42,group3
80,127,gene2,42,group3
84,130,gene2,42,group3
127,139,gene2,42,group3
141,140,gene2,42,group3
132,143,gene2,42,group3
117,153,gene2,42,group3
139,115,gene2,42,group3
122,70,gene2,42,group3
132,88,gene2,42,group3
118,146,gene2,42,group3
147,118,gene2,42,group3
106,150,gene2,42,group3
133,87,gene2,42,group3
148,102,gene2,42,group3
141,113,gene2,42,group3
79,85,gene2,42,group3
111,139,gene2,42,group3
73,91,gene2,42,group3
116,76,gene2,42,group3
78,139,gene2,42,group3
140,81,gene2,42,group3
68,117,gene2,42,group3
131,73,gene2,42,group3
105,78,gene2,42,group3
111,84,gene2,42,group3
127,82,gene2,42,group3
121,81,gene2,42,group3
81,112,gene2,42,group3
144,111,gene2,42,group3
128,87,gene2,42,group3
150,98,gene2,42,group3
73,112,gene2,42,group3
154,122,gene2,42,group3
109,68,gene2,42,group3
104,140,gene2,42,group3
145,137,gene2,42,group3
129,136,gene2,42,group3
131,133,gene2,42,group3
134,89,gene2,42,group3
131,143,gene2,42,group3
139,111,gene2,42,group3
105,141,gene2,42,group3
106,140,gene2,42,group3
81,143,gene2,42,group3
95,140,gene2,42,group3
44,124,gene3,42,group3
145,160,gene3,42,group3
67,145,gene1,43,group3
144,58,gene1,43,group3
137,85,gene2,43,group3
71,100,gene2,43,group3
126,71,gene2,43,group3
139,113,gene2,43,group3
90,136,gene2,43,group3
121,88,gene2,43,group3
146,106,gene2,43,group3
126,73,gene2,43,group3
142,100,gene2,43,group3
143,136,gene2,43,group3
120,147,gene2,43,group3
81,133,gene2,43,group3
132,96,gene2,43,group3
83,79,gene2,43,group3
87,127,gene2,43,group3
141,137,gene2,43,group3
136,127,gene2,43,group3
113,68,gene2,43,group3
114,139,gene2,43,group3
149,105,gene2,43,group3
128,88,gene2,43,group3
133,85,gene2,43,group3
87,108,gene2,43,group3
119,79,gene2,43,group3
147,138,gene2,43,group3
85,142,gene2,43,group3
139,79,gene2,43,group3
67,109,gene2,43,group3
120,145,gene2,43,group3
133,97,gene2,43,group3
87,123,gene2,43,group3
138,118,gene2,43,group3
135,132,gene2,43,group3
142,110,gene2,43,group3
119,83,gene2,43,group3
149,128,gene2,43,group3
131,138,gene2,43,group3
133,135,gene2,43,group3
105,84,gene2,43,group3
86,115,gene2,43,group3
79,128,gene2,43,group3
90,91,gene2,43,group3
124,135,gene2,43,group3
82,121,gene2,43,group3
94,88,gene2,43,group3
82,115,gene2,43,group3
91,76,gene2,43,group3
130,79,gene2,43,group3
82,126,gene2,43,group3
134,136,gene2,43,group3
65,97,gene3,43,group3
125,181,gene3,43,group3
107,38,gene3,43,group3
151,91,gene1,44,group3
138,94,gene1,44,group3
99,140,gene2,44,group3
143,119,gene2,44,group3
112,68,gene2,44,group3
86,86,gene2,44,group3
111,71,gene2,44,group3
137,104,gene2,44,group3
96,139,gene2,44,group3
88,103,gene2,44,group3
108,138,gene2,44,group3
124,74,gene2,44,group3
96,133,gene2,44,group3
115,71,gene2,44,group3
101,86,gene2,44,group3
142,82,gene2,44,group3
140,132,gene2,44,group3
76,102,gene2,44,group3
86,97,gene2,44,group3
145,136,gene2,44,group3
130,90,gene2,44,group3
116,147,gene2,44,group3
149,89,gene2,44,group3
143,122,gene2,44,group3
133,83,gene2,44,group3
141,142,gene2,44,group3
91,79,gene2,44,group3
115,138,gene2,44,group3
141,139,gene2,44,group3
96,82,gene2,44,group3
86,90,gene2,44,group3
140,118,gene2,44,group3
88,73,gene2,44,group3
83,113,gene2,44,group3
135,139,gene2,44,group3
79,139,gene2,44,group3
78,121,gene2,44,group3
76,131,gene2,44,group3
139,82,gene2,44,group3
139,123,gene2,44,group3
69,111,gene2,44,group3
126,83,gene2,44,group3
114,151,gene2,44,group3
107,146,gene2,44,group3
94,148,gene2,44,group3
128,85,gene2,44,group3
136,128,gene2,44,group3
136,130,gene2,44,group3
79,104,gene2,44,group3
84,127,gene2,44,group3
131,83,gene2,44,group3
140,100,gene2,44,group3
158,149,gene3,44,group3
61,79,gene3,44,group3
67,171,gene3,44,group3
104,39,gene1,45,group3
136,137,gene1,45,group3
88,94,gene2,45,group3
76,132,gene2,45,group3
83,126,gene2,45,group3
150,121,gene2,45,group3
88,75,gene2,45,group3
148,115,gene2,45,group3
127,133,gene2,45,group3
77,98,gene2,45,group3
129,90,gene2,45,group3
132,136,gene2,45,group3
112,81,gene2,45,group3
89,85,gene2,45,group3
89,91,gene2,45,group3
141,114,gene2,45,group3
75,126,gene2,45,group3
81,106,gene2,45,group3
123,81,gene2,45,group3
86,75,gene2,45,group3
97,90,gene2,45,group3
91,126,gene2,45,group3
129,91,gene2,45,group3
100,89,gene2,45,group3
77,110,gene2,45,group3
90,133,gene2,45,group3
79,122,gene2,45,group3
129,82,gene2,45,group3
136,83,gene2,45,group3
77,106,gene2,45,group3
103,75,gene2,45,group3
75,97,gene2,45,group3
106,144,gene2,45,group3
149,126,gene2,45,group3
156,109,gene2,45,group3
144,84,gene2,45,group3
76,85,gene2,45,group3
128,150,gene2,45,group3
145,116,gene2,45,group3
82,124,gene2,45,group3
105,84,gene2,45,group3
127,136,gene2,45,group3
145,90,gene2,45,group3
141,79,gene2,45,group3
89,94,gene2,45,group3
145,123,gene2,45,group3
85,99,gene2,45,group3
113,69,gene2,45,group3
72,123,gene2,45,group3
78,83,gene2,45,group3
97,138,gene2,45,group3
134,135,gene2,45,group3
61,76,gene3,45,group3
79,123,gene3,45,group3
143,92,gene3,45,group3
127,127,gene1,46,group3
102,166,gene1,46,group3
154,114,gene2,46,group3
149,94,gene2,46,group3
73,132,gene2,46,group3
146,140,gene2,46,group3
75,131,gene2,46,group3
111,71,gene2,46,group3
132,78,gene2,46,group3
109,84,gene2,46,group3
81,99,gene2,46,group3
89,123,gene2,46,group3
138,127,gene2,46,group3
76,125,gene2,46,group3
149,89,gene2,46,group3
77,98,gene2,46,group3
89,77,gene2,46,group3
116,137,gene2,46,group3
84,83,gene2,46,group3
80,100,gene2,46,group3
120,136,gene2,46,group3
120,141,gene2,46,group3
94,131,gene2,46,group3
82,138,gene2,46,group3
93,93,gene2,46,group3
72,125,gene2,46,group3
89,122,gene2,46,group3
146,100,gene2,46,group3
94,77,gene2,46,group3
115,144,gene2,46,group3
116,71,gene2,46,group3
79,98,gene2,46,group3
93,146,gene2,46,group3
149,105,gene2,46,group3
81,141,gene2,46,group3
122,141,gene2,46,group3
115,151,gene2,46,group3
147,120,gene2,46,group3
112,146,gene2,46,group3
132,89,gene2,46,group3
144,121,gene2,46,group3
76,139,gene2,46,group3
112,78,gene2,46,group3
105,139,gene2,46,group3
97,150,gene2,46,group3
119,136,gene2,46,group3
138,134,gene2,46,group3
97,76,gene2,46,group3
86,119,gene2,46,group3
86,97,gene2,46,group3
86,143,gene2,46,group3
124,143,gene2,46,group3
54,148,gene3,46,group3
88,163,gene3,46,group3
140,169,gene1,47,group3
130,141,gene2,47,group3
67,105,gene2,47,group3
89,125,gene2,47,group3
93,150,gene2,47,group3
146,131,gene2,47,group3
81,85,gene2,47,group3
123,143,gene2,47,group3
121,78,gene2,47,group3
111,138,gene2,47,group3
103,141,gene2,47,group3
146,95,gene2,47,group3
91,81,gene2,47,group3
77,118,gene2,47,group3
96,75,gene2,47,group3
79,116,gene2,47,group3
102,136,gene2,47,group3
151,107,gene2,47,group3
79,124,gene2,47,group3
101,86,gene2,47,group3
151,128,gene2,47,group3
121,148,gene2,47,group3
97,88,gene2,47,group3
138,126,gene2,47,group3
139,83,gene2,47,group3
115,75,gene2,47,group3
74,102,gene2,47,group3
79,100,gene2,47,group3
142,112,gene2,47,group3
142,89,gene2,47,group3
82,124,gene2,47,group3
150,119,gene2,47,group3
115,82,gene2,47,group3
148,122,gene2,47,group3
85,93,gene2,47,group3
137,102,gene2,47,group3
89,94,gene2,47,group3
111,138,gene2,47,group3
114,84,gene2,47,group3
146,83,gene2,47,group3
93,89,gene2,47,group3
88,75,gene2,47,group3
87,120,gene2,47,group3
92,86,gene2,47,group3
97,89,gene2,47,group3
136,120,gene2,47,group3
131,89,gene2,47,group3
108,152,gene2,47,group3
110,137,gene2,47,group3
70,97,gene2,47,group3
107,85,gene2,47,group3
173,91,gene3,47,group3
171,100,gene1,48,group3
77,84,gene1,48,group3
137,131,gene2,48,group3
82,127,gene2,48,group3
129,136,gene2,48,group3
85,131,gene2,48,group3
148,92,gene2,48,group3
77,134,gene2,48,group3
78,97,gene2,48,group3
111,68,gene2,48,group3
153,95,gene2,48,group3
141,115,gene2,48,group3
155,117,gene2,48,group3
92,148,gene2,48,group3
127,77,gene2,48,group3
100,75,gene2,48,group3
81,118,gene2,48,group3
146,139,gene2,48,group3
108,141,gene2,48,group3
79,88,gene2,48,group3
110,72,gene2,48,group3
70,100,gene2,48,group3
140,96,gene2,48,group3
91,134,gene2,48,group3
105,137,gene2,48,group3
82,146,gene2,48,group3
154,113,gene2,48,group3
118,146,gene2,48,group3
96,133,gene2,48,group3
132,144,gene2,48,group3
115,149,gene2,48,group3
103,147,gene2,48,group3
114,72,gene2,48,group3
89,88,gene2,48,group3
87,95,gene2,48,group3
83,117,gene2,48,group3
86,121,gene2,48,group3
126,153,gene2,48,group3
77,84,gene2,48,group3
142,104,gene2,48,group3
81,83,gene2,48,group3
153,118,gene2,48,group3
112,69,gene2,48,group3
141,135,gene2,48,group3
88,135,gene2,48,group3
133,94,gene2,48,group3
153,99,gene2,48,group3
141,86,gene2,48,group3
98,75,gene2,48,group3
119,139,gene2,48,group3
133,77,gene2,48,group3
139,120,gene2,48,group3
130,76,gene3,48,group3
79,128,gene3,48,group3
155,143,gene3,48,group3
113,111,gene1,49,group3
119,146,gene1,49,group3
151,109,gene2,49,group3
91,79,gene2,49,group3
85,105,gene2,49,group3
96,146,gene2,49,group3
131,95,gene2,49,group3
94,133,gene2,49,group3
139,138,gene2,49,group3
83,144,gene2,49,group3
103,87,gene2,49,group3
153,105,gene2,49,group3
79,84,gene2,49,group3
86,115,gene2,49,group3
120,140,gene2,49,group3
154,102,gene2,49,group3
125,152,gene2,49,group3
102,143,gene2,49,group3
98,84,gene2,49,group3
141,123,gene2,49,group3
136,125,gene2,49,group3
145,93,gene2,49,group3
138,145,gene2,49,group3
146,111,gene2,49,group3
96,147,gene2,49,group3
140,128,gene2,49,group3
146,113,gene2,49,group3
139,122,gene2,49,group3
92,130,gene2,49,group3
131,85,gene2,49,group3
143,93,gene2,49,group3
148,113,gene2,49,group3
153,120,gene2,49,group3
126,137,gene2,49,group3
140,109,gene2,49,group3
145,114,gene2,49,group3
148,94,gene2,49,group3
77,115,gene2,49,group3
94,86,gene2,49,group3
70,124,gene2,49,group3
76,101,gene2,49,group3
114,74,gene2,49,group3
90,82,gene2,49,group3
75,124,gene2,49,group3
107,154,gene2,49,group3
120,83,gene2,49,group3
109,86,gene2,49,group3
91,150,gene2,49,group3
84,90,gene2,49,group3
94,93,gene2,49,group3
85,100,gene2,49,group3
122,141,gene2,49,group3
112,173,gene3,49,group3
148,64,gene1,50,group3
110,156,gene2,50,group3
90,92,gene2,50,group3
86,131,gene2,50,group3
93,75,gene2,50,group3
127,72,gene2,50,group3
139,133,gene2,50,group3
120,79,gene2,50,group3
129,84,gene2,50,group3
125,81,gene2,50,group3
92,76,gene2,50,group3
134,100,gene2,50,group3
139,129,gene2,50,group3
128,92,gene2,50,group3
83,94,gene2,50,group3
153,94,gene2,50,group3
107,74,gene2,50,group3
78,130,gene2,50,group3
119,138,gene2,50,group3
118,142,gene2,50,group3
124,153,gene2,50,group3
102,83,gene2,50,group3
83,78,gene2,50,group3
124,83,gene2,50,group3
95,89,gene2,50,group3
112,77,gene2,50,group3
86,88,gene2,50,group3
125,91,gene2,50,group3
124,149,gene2,50,group3
155,109,gene2,50,group3
131,79,gene2,50,group3
96,154,gene2,50,group3
99,137,gene2,50,group3
99,154,gene2,50,group3
132,84,gene2,50,group3
84,120,gene2,50,group3
85,126,gene2,50,group3
71,128,gene2,50,group3
132,95,gene2,50,group3
88,147,gene2,50,group3
86,112,gene2,50,group3
76,126,gene2,50,group3
133,126,gene2,50,group3
72,103,gene2,50,group3
101,148,gene2,50,group3
93,140,gene2,50,group3
75,122,gene2,50,group3
100,87,gene2,50,group3
74,135,gene2,50,group3
87,105,gene2,50,group3
88,141,gene2,50,group3
166,145,gene1,51,group3
93,52,gene1,51,group3
115,168,gene1,51,group3
125,150,gene2,51,group3
119,147,gene2,51,group3
89,127,gene2,51,group3
109,147,gene2,51,group3
81,121,gene2,51,group3
135,143,gene2,51,group3
81,90,gene2,51,group3
76,84,gene2,51,group3
79,115,gene2,51,group3
75,104,gene2,51,group3
101,149,gene2,51,group3
141,107,gene2,51,group3
109,68,gene2,51,group3
156,110,gene2,51,group3
94,137,gene2,51,group3
103,69,gene2,51,group3
118,84,gene2,51,group3
119,139,gene2,51,group3
121,148,gene2,51,group3
128,139,gene2,51,group3
82,86,gene2,51,group3
147,136,gene2,51,group3
96,153,gene2,51,group3
97,132,gene2,51,group3
101,154,gene2,51,group3
106,146,gene2,51,group3
85,139,gene2,51,group3
145,139,gene2,51,group3
149,109,gene2,51,group3
80,104,gene2,51,group3
136,144,gene2,51,group3
133,84,gene2,51,group3
69,104,gene2,51,group3
71,103,gene2,51,group3
126,76,gene2,51,group3
134,126,gene2,51,group3
132,96,gene2,51,group3
82,110,gene2,51,group3
87,132,gene2,51,group3
133,88,gene2,51,group3
110,84,gene2,51,group3
81,94,gene2,51,group3
117,77,gene2,51,group3
81,131,gene2,51,group3
82,127,gene2,51,group3
113,148,gene2,51,group3
140,77,gene2,51,group3
80,105,gene2,51,group3
74,113,gene2,51,group3
94,89,gene2,51,group3
157,130,gene3,51,group3
124,125,gene3,51,group3
75,173,gene1,52,group3
107,50,gene1,52,group3
53,152,gene1,52,group3
125,86,gene2,52,group3
146,82,gene2,52,group3
133,142,gene2,52,group3
95,79,gene2,52,group3
94,71,gene2,52,group3
139,118,gene2,52,group3
87,144,gene2,52,group3
93,137,gene2,52,group3
134,74,gene2,52,group3
71,115,gene2,52,group3
72,90,gene2,52,group3
153,103,gene2,52,group3
81,91,gene2,52,group3
155,120,gene2,52,group3
138,136,gene2,52,group3
150,95,gene2,52,group3
101,146,gene2,52,group3
146,137,gene2,52,group3
151,122,gene2,52,group3
115,71,gene2,52,group3
90,77,gene2,52,group3
124,86,gene2,52,group3
126,86,gene2,52,group3
132,80,gene2,52,group3
147,115,gene2,52,group3
72,94,gene2,52,group3
79,121,gene2,52,group3
119,76,gene2,52,group3
83,125,gene2,52,group3
83,115,gene2,52,group3
151,122,gene2,52,group3
134,147,gene2,52,group3
118,139,gene2,52,group3
96,75,gene2,52,group3
127,150,gene2,52,group3
134,148,gene2,52,group3
87,125,gene2,52,group3
113,80,gene2,52,group3
147,126,gene2,52,group3
85,107,gene2,52,group3
86,101,gene2,52,group3
83,85,gene2,52,group3
135,102,gene2,52,group3
82,119,gene2,52,group3
147,106,gene2,52,group3
94,85,gene2,52,group3
73,95,gene2,52,group3
106,140,gene2,52,group3
108,84,gene2,52,group3
95,142,gene2,52,group3
98,69,gene3,52,group3
158,134,gene1,53,group3
109,62,gene1,53,group3
49,146,gene1,53,group3
118,136,gene2,53,group3
150,131,gene2,53,group3
86,98,gene2,53,group3
95,83,gene2,53,group3
101,84,gene2,53,group3
95,133,gene2,53,group3
86,89,gene2,53,group3
136,117,gene2,53,group3
90,95,gene2,53,group3
100,80,gene2,53,group3
145,113,gene2,53,group3
139,99,gene2,53,group3
112,70,gene2,53,group3
106,81,gene2,53,group3
141,118,gene2,53,group3
100,81,gene2,53,group3
141,109,gene2,53,group3
89,89,gene2,53,group3
135,126,gene2,53,group3
78,88,gene2,53,group3
90,129,gene2,53,group3
124,76,gene2,53,group3
79,120,gene2,53,group3
75,89,gene2,53,group3
73,99,gene2,53,group3
125,75,gene2,53,group3
128,150,gene2,53,group3
103,73,gene2,53,group3
100,143,gene2,53,group3
139,101,gene2,53,group3
146,93,gene2,53,group3
98,147,gene2,53,group3
139,81,gene2,53,group3
72,100,gene2,53,group3
126,80,gene2,53,group3
145,131,gene2,53,group3
128,75,gene2,53,group3
118,146,gene2,53,group3
77,112,gene2,53,group3
70,113,gene2,53,group3
74,131,gene2,53,group3
87,127,gene2,53,group3
80,85,gene2,53,group3
101,70,gene2,53,group3
146,93,gene2,53,group3
74,101,gene2,53,group3
149,91,gene2,53,group3
118,155,gene2,53,group3
89,85,gene2,53,group3
89,125,gene2,53,group3
119,88,gene3,53,group3
117,78,gene3,53,group3
44,120,gene3,53,group3
140,115,gene1,54,group3
82,94,gene1,54,group3
66,89,gene1,54,group3
83,93,gene2,54,group3
155,113,gene2,54,group3
107,148,gene2,54,group3
89,97,gene2,54,group3
144,83,gene2,54,group3
137,147,gene2,54,group3
110,138,gene2,54,group3
147,93,gene2,54,group3
153,107,gene2,54,group3
80,85,gene2,54,group3
83,82,gene2,54,group3
87,92,gene2,54,group3
72,121,gene2,54,group3
95,80,gene2,54,group3
74,114,gene2,54,group3
101,152,gene2,54,group3
114,149,gene2,54,group3
98,140,gene2,54,group3
85,132,gene2,54,group3
107,152,gene2,54,group3
77,84,gene2,54,group3
103,139,gene2,54,group3
148,114,gene2,54,group3
145,111,gene2,54,group3
141,119,gene2,54,group3
84,120,gene2,54,group3
130,80,gene2,54,group3
106,70,gene2,54,group3
94,85,gene2,54,group3
117,77,gene2,54,group3
118,146,gene2,54,group3
128,86,gene2,54,group3
148,107,gene2,54,group3
110,152,gene2,54,group3
92,145,gene2,54,group3
101,151,gene2,54,group3
69,115,gene2,54,group3
78,131,gene2,54,group3
132,151,gene2,54,group3
92,71,gene2,54,group3
130,89,gene2,54,group3
149,110,gene2,54,group3
80,124,gene2,54,group3
118,75,gene2,54,group3
83,104,gene2,54,group3
146,135,gene2,54,group3
82,116,gene2,54,group3
113,68,gene2,54,group3
153,117,gene2,54,group3
93,72,gene2,54,group3
178,145,gene3,54,group3
165,61,gene1,55,group3
60,160,gene1,55,group3
81,112,gene2,55,group3
151,127,gene2,55,group3
77,100,gene2,55,group3
82,142,gene2,55,group3
94,82,gene2,55,group3
92,89,gene2,55,group3
114,145,gene2,55,group3
86,95,gene2,55,group3
103,149,gene2,55,group3
143,105,gene2,55,group3
85,94,gene2,55,group3
82,129,gene2,55,group3
91,133,gene2,55,group3
72,123,gene2,55,group3
155,99,gene2,55,group3
132,133,gene2,55,group3
150,120,gene2,55,group3
104,139,gene2,55,group3
83,119,gene2,55,group3
68,115,gene2,55,group3
125,140,gene2,55,group3
147,112,gene2,55,group3
83,105,gene2,55,group3
82,142,gene2,55,group3
100,141,gene2,55,group3
69,108,gene2,55,group3
92,73,gene2,55,group3
89,131,gene2,55,group3
136,121,gene2,55,group3
74,89,gene2,55,group3
117,153,gene2,55,group3
76,103,gene2,55,group3
122,86,gene2,55,group3
150,91,gene2,55,group3
87,97,gene2,55,group3
155,109,gene2,55,group3
138,89,gene2,55,group3
142,82,gene2,55,group3
147,97,gene2,55,group3
140,138,gene2,55,group3
117,140,gene2,55,group3
84,109,gene2,55,group3
103,141,gene2,55,group3
133,135,gene2,55,group3
138,89,gene2,55,group3
114,76,gene2,55,group3
144,110,gene2,55,group3
100,141,gene2,55,group3
99,75,gene2,55,group3
84,129,gene2,55,group3
50,102,gene3,55,group3
78,94,gene2,56,group3
93,94,gene2,56,group3
155,119,gene2,56,group3
140,88,gene2,56,group3
137,117,gene2,56,group3
143,116,gene2,56,group3
87,131,gene2,56,group3
109,79,gene2,56,group3
98,74,gene2,56,group3
112,153,gene2,56,group3
72,126,gene2,56,group3
95,151,gene2,56,group3
145,109,gene2,56,group3
86,100,gene2,56,group3
103,150,gene2,56,group3
139,136,gene2,56,group3
152,108,gene2,56,group3
82,111,gene2,56,group3
77,133,gene2,56,group3
116,75,gene2,56,group3
69,113,gene2,56,group3
129,132,gene2,56,group3
134,91,gene2,56,group3
114,152,gene2,56,group3
98,82,gene2,56,group3
140,103,gene2,56,group3
140,120,gene2,56,group3
91,75,gene2,56,group3
130,81,gene2,56,group3
84,117,gene2,56,group3
84,121,gene2,56,group3
101,142,gene2,56,group3
82,109,gene2,56,group3
82,129,gene2,56,group3
106,153,gene2,56,group3
114,85,gene2,56,group3
117,149,gene2,56,group3
145,124,gene2,56,group3
111,83,gene2,56,group3
114,139,gene2,56,group3
140,117,gene2,56,group3
80,115,gene2,56,group3
90,150,gene2,56,group3
139,128,gene2,56,group3
140,87,gene2,56,group3
73,114,gene2,56,group3
96,145,gene2,56,group3
82,125,gene2,56,group3
144,142,gene2,56,group3
87,106,gene2,56,group3
98,43,gene3,56,group3
63,115,gene3,56,group3
135,111,gene1,57,group3
119,159,gene1,57,group3
52,97,gene1,57,group3
142,111,gene2,57,group3
119,81,gene2,57,group3
139,127,gene2,57,group3
94,153,gene2,57,group3
136,139,gene2,57,group3
134,98,gene2,57,group3
108,148,gene2,57,group3
136,78,gene2,57,group3
118,150,gene2,57,group3
96,143,gene2,57,group3
128,79,gene2,57,group3
85,120,gene2,57,group3
144,110,gene2,57,group3
146,131,gene2,57,group3
149,97,gene2,57,group3
80,143,gene2,57,group3
96,139,gene2,57,group3
77,127,gene2,57,group3
127,72,gene2,57,group3
81,79,gene2,57,group3
113,86,gene2,57,group3
75,130,gene2,57,group3
142,103,gene2,57,group3
132,133,gene2,57,group3
141,120,gene2,57,group3
70,127,gene2,57,group3
84,111,gene2,57,group3
86,91,gene2,57,group3
127,78,gene2,57,group3
83,79,gene2,57,group3
95,143,gene2,57,group3
125,85,gene2,57,group3
92,95,gene2,57,group3
119,150,gene2,57,group3
123,84,gene2,57,group3
75,133,gene2,57,group3
75,111,gene2,57,group3
131,149,gene2,57,group3
138,120,gene2,57,group3
141,107,gene2,57,group3
88,98,gene2,57,group3
134,131,gene2,57,group3
137,118,gene2,57,group3
118,141,gene2,57,group3
140,94,gene2,57,group3
89,97,gene2,57,group3
120,81,gene2,57,group3
99,136,gene2,57,group3
137,119,gene2,57,group3
142,118,gene2,57,group3
64,132,gene3,57,group3
109,80,gene1,58,group3
153,146,gene1,58,group3
88,79,gene2,58,group3
145,134,gene2,58,group3
78,112,gene2,58,group3
69,124,gene2,58,group3
76,106,gene2,58,group3
140,112,gene2,58,group3
150,94,gene2,58,group3
126,132,gene2,58,group3
73,93,gene2,58,group3
85,108,gene2,58,group3
109,152,gene2,58,group3
109,78,gene2,58,group3
144,112,gene2,58,group3
82,102,gene2,58,group3
78,131,gene2,58,group3
103,81,gene2,58,group3
141,78,gene2,58,group3
136,137,gene2,58,group3
121,149,gene2,58,group3
91,90,gene2,58,group3
105,83,gene2,58,group3
79,126,gene2,58,group3
72,121,gene2,58,group3
83,85,gene2,58,group3
143,87,gene2,58,group3
99,85,gene2,58,group3
117,136,gene2,58,group3
97,149,gene2,58,group3
84,101,gene2,58,group3
70,101,gene2,58,group3
104,140,gene2,58,group3
98,136,gene2,58,group3
97,90,gene2,58,group3
139,134,gene2,58,group3
127,132,gene2,58,group3
153,102,gene2,58,group3
83,123,gene2,58,group3
107,83,gene2,58,group3
147,114,gene2,58,group3
141,113,gene2,58,group3
135,87,gene2,58,group3
77,86,gene2,58,group3
149,88,gene2,58,group3
84,133,gene2,58,group3
127,139,gene2,58,group3
76,117,gene2,58,group3
136,117,gene2,58,group3
110,141,gene2,58,group3
139,92,gene2,58,group3
106,155,gene2,58,group3
153,114,gene3,58,group3
150,93,gene3,58,group3
176,144,gene3,58,group3
122,143,gene2,59,group3
127,75,gene2,59,group3
76,97,gene2,59,group3
139,79,gene2,59,group3
101,89,gene2,59,group3
90,126,gene2,59,group3
120,139,gene2,59,group3
144,121,gene2,59,group3
72,114,gene2,59,group3
105,154,gene2,59,group3
155,101,gene2,59,group3
130,138,gene2,59,group3
136,123,gene2,59,group3
129,92,gene2,59,group3
80,118,gene2,59,group3
122,80,gene2,59,group3
91,137,gene2,59,group3
83,137,gene2,59,group3
75,121,gene2,59,group3
82,132,gene2,59,group3
140,101,gene2,59,group3
87,84,gene2,59,group3
91,88,gene2,59,group3
80,94,gene2,59,group3
110,147,gene2,59,group3
145,130,gene2,59,group3
101,141,gene2,59,group3
145,112,gene2,59,group3
129,88,gene2,59,group3
152,115,gene2,59,group3
75,108,gene2,59,group3
110,85,gene2,59,group3
88,133,gene2,59,group3
86,91,gene2,59,group3
134,77,gene2,59,group3
136,93,gene2,59,group3
93,93,gene2,59,group3
149,101,gene2,59,group3
83,129,gene2,59,group3
91,143,gene2,59,group3
86,148,gene2,59,group3
97,135,gene2,59,group3
142,111,gene2,59,group3
107,69,gene2,59,group3
105,141,gene2,59,group3
87,97,gene2,59,group3
135,129,gene2,59,group3
106,154,gene2,59,group3
137,139,gene2,59,group3
131,135,gene2,59,group3
98,129,gene3,59,group3
122,66,gene3,59,group3
52,107,gene1,60,group3
76,161,gene1,60,group3
92,95,gene1,60,group3
136,131,gene2,60,group3
100,144,gene2,60,group3
85,142,gene2,60,group3
126,145,gene2,60,group3
140,140,gene2,60,group3
129,86,gene2,60,group3
135,83,gene2,60,group3
154,110,gene2,60,group3
99,68,gene2,60,group3
146,107,gene2,60,group3
107,141,gene2,60,group3
128,86,gene2,60,group3
130,147,gene2,60,group3
104,140,gene2,60,group3
94,139,gene2,60,group3
93,77,gene2,60,group3
137,76,gene2,60,group3
83,119,gene2,60,group3
113,75,gene2,60,group3
118,87,gene2,60,group3
85,140,gene2,60,group3
113,81,gene2,60,group3
90,89,gene2,60,group3
129,149,gene2,60,group3
73,90,gene2,60,group3
85,122,gene2,60,group3
143,141,gene2,60,group3
101,79,gene2,60,group3
116,74,gene2,60,group3
99,89,gene2,60,group3
106,145,gene2,60,group3
75,117,gene2,60,group3
130,92,gene2,60,group3
142,101,gene2,60,group3
96,150,gene2,60,group3
98,143,gene2,60,group3
149,133,gene2,60,group3
136,124,gene2,60,group3
85,125,gene2,60,group3
89,97,gene2,60,group3
153,117,gene2,60,group3
134,139,gene2,60,group3
89,77,gene2,60,group3
94,73,gene2,60,group3
101,85,gene2,60,group3
84,115,gene2,60,group3
93,133,gene2,60,group3
144,101,gene2,60,group3
116,84,gene2,60,group3
143,139,gene2,60,group3
107,81,gene3,60,group3
137,157,gene3,60,group3
65,113,gene2,61,group4
131,175,gene2,61,group4
178,134,gene3,61,group4
110,112,gene3,61,group4
57,151,gene3,61,group4
94,111,gene3,61,group4
98,41,gene3,61,group4
122,145,gene3,61,group4
73,113,gene3,61,group4
62,115,gene3,61,group4
156,115,gene3,61,group4
72,146,gene3,61,group4
102,129,gene3,61,group4
103,144,gene3,61,group4
169,116,gene3,61,group4
148,97,gene3,61,group4
82,153,gene3,61,group4
110,71,gene3,61,group4
83,70,gene3,61,group4
101,109,gene3,61,group4
107,64,gene3,61,group4
118,65,gene3,61,group4
118,172,gene3,61,group4
48,105,gene3,61,group4
161,146,gene3,61,group4
67,80,gene3,61,group4
102,86,gene3,61,group4
96,117,gene3,61,group4
83,46,gene3,61,group4
87,61,gene3,61,group4
60,115,gene3,61,group4
87,166,gene3,61,group4
128,146,gene3,61,group4
77,98,gene3,61,group4
153,135,gene3,61,group4
88,50,gene3,61,group4
172,146,gene3,61,group4
75,141,gene3,61,group4
56,81,gene3,61,group4
117,78,gene3,61,group4
142,129,gene3,61,group4
145,143,gene3,61,group4
111,89,gene3,61,group4
140,141,gene3,61,group4
165,94,gene3,61,group4
154,58,gene3,61,group4
120,123,gene3,61,group4
120,160,gene3,61,group4
184,109,gene3,61,group4
54,112,gene3,61,group4
84,106,gene3,61,group4
99,59,gene3,61,group4
45,114,gene2,62,group4
148,102,gene3,62,group4
70,96,gene3,62,group4
58,145,gene3,62,group4
70,126,gene3,62,group4
56,89,gene3,62,group4
95,158,gene3,62,group4
170,94,gene3,62,group4
167,155,gene3,62,group4
77,154,gene3,62,group4
132,100,gene3,62,group4
72,65,gene3,62,group4
115,161,gene3,62,group4
140,92,gene3,62,group4
147,153,gene3,62,group4
135,47,gene3,62,group4
165,100,gene3,62,group4
130,44,gene3,62,group4
70,59,gene3,62,group4
93,79,gene3,62,group4
136,132,gene3,62,group4
89,55,gene3,62,group4
141,87,gene3,62,group4
73,96,gene3,62,group4
157,142,gene3,62,group4
113,127,gene3,62,group4
77,107,gene3,62,group4
113,138,gene3,62,group4
132,98,gene3,62,group4
99,87,gene3,62,group4
142,72,gene3,62,group4
140,109,gene3,62,group4
89,80,gene3,62,group4
47,118,gene3,62,group4
124,45,gene3,62,group4
111,85,gene3,62,group4
161,71,gene3,62,group4
48,79,gene3,62,group4
180,90,gene3,62,group4
131,154,gene3,62,group4
145,95,gene3,62,group4
172,69,gene3,62,group4
83,160,gene3,62,group4
171,73,gene3,62,group4
140,70,gene3,62,group4
52,88,gene3,62,group4
182,134,gene3,62,group4
91,159,gene3,62,group4
68,103,gene3,62,group4
117,160,gene3,62,group4
72,71,gene3,62,group4
153,120,gene1,63,group4
142,106,gene1,63,group4
66,123,gene2,63,group4
97,122,gene3,63,group4
137,177,gene3,63,group4
86,96,gene3,63,group4
137,55,gene3,63,group4
161,161,gene3,63,group4
87,95,gene3,63,group4
116,169,gene3,63,group4
79,60,gene3,63,group4
161,137,gene3,63,group4
137,81,gene3,63,group4
163,61,gene3,63,group4
55,89,gene3,63,group4
137,119,gene3,63,group4
107,51,gene3,63,group4
158,170,gene3,63,group4
176,120,gene3,63,group4
62,124,gene3,63,group4
103,42,gene3,63,group4
106,52,gene3,63,group4
45,140,gene3,63,group4
126,84,gene3,63,group4
99,84,gene3,63,group4
167,79,gene3,63,group4
107,149,gene3,63,group4
154,72,gene3,63,group4
92,106,gene3,63,group4
84,68,gene3,63,group4
93,72,gene3,63,group4
58,106,gene3,63,group4
152,157,gene3,63,group4
125,39,gene3,63,group4
73,87,gene3,63,group4
126,100,gene3,63,group4
102,84,gene3,63,group4
149,103,gene3,63,group4
128,185,gene3,63,group4
64,133,gene3,63,group4
106,119,gene3,63,group4
139,124,gene3,63,group4
133,127,gene3,63,group4
118,86,gene3,63,group4
171,114,gene3,63,group4
162,87,gene3,63,group4
108,128,gene3,63,group4
158,114,gene3,63,group4
135,99,gene3,63,group4
177,106,gene3,63,group4
81,140,gene3,63,group4
114,104,gene3,63,group4
41,125,gene3,63,group4
124,169,gene2,64,group4
120,94,gene2,64,group4
166,97,gene3,64,group4
101,41,gene3,64,group4
168,79,gene3,64,group4
117,170,gene3,64,group4
90,104,gene3,64,group4
125,99,gene3,64,group4
137,125,gene3,64,group4
175,133,gene3,64,group4
119,121,gene3,64,group4
148,140,gene3,64,group4
111,96,gene3,64,group4
108,58,gene3,64,group4
124,154,gene3,64,group4
74,174,gene3,64,group4
58,102,gene3,64,group4
91,78,gene3,64,group4
67,105,gene3,64,group4
120,177,gene3,64,group4
41,124,gene3,64,group4
76,129,gene3,64,group4
160,63,gene3,64,group4
99,136,gene3,64,group4
96,104,gene3,64,group4
125,174,gene3,64,group4
182,105,gene3,64,group4
118,44,gene3,64,group4
98,154,gene3,64,group4
160,111,gene3,64,group4
69,135,gene3,64,group4
43,92,gene3,64,group4
95,145,gene3,64,group4
116,55,gene3,64,group4
123,70,gene3,64,group4
146,66,gene3,64,group4
65,91,gene3,64,group4
63,81,gene3,64,group4
86,88,gene3,64,group4
174,131,gene3,64,group4
100,107,gene3,64,group4
87,165,gene3,64,group4
86,107,gene3,64,group4
57,91,gene3,64,group4
159,97,gene3,64,group4
55,125,gene3,64,group4
115,81,gene3,64,group4
90,41,gene3,64,group4
171,125,gene3,64,group4
94,139,gene3,64,group4
72,130,gene3,64,group4
78,163,gene3,64,group4
164,129,gene2,65,group4
157,143,gene3,65,group4
102,81,gene3,65,group4
104,47,gene3,65,group4
125,180,gene3,65,group4
160,148,gene3,65,group4
68,88,gene3,65,group4
49,131,gene3,65,group4
136,103,gene3,65,group4
125,172,gene3,65,group4
123,72,gene3,65,group4
121,75,gene3,65,group4
68,128,gene3,65,group4
60,106,gene3,65,group4
126,139,gene3,65,group4
63,117,gene3,65,group4
136,166,gene3,65,group4
109,101,gene3,65,group4
128,78,gene3,65,group4
65,86,gene3,65,group4
158,60,gene3,65,group4
117,93,gene3,65,group4
102,150,gene3,65,group4
80,146,gene3,65,group4
89,178,gene3,65,group4
153,84,gene3,65,group4
161,70,gene3,65,group4
158,160,gene3,65,group4
179,129,gene3,65,group4
90,79,gene3,65,group4
53,117,gene3,65,group4
133,164,gene3,65,group4
138,171,gene3,65,group4
140,46,gene3,65,group4
118,73,gene3,65,group4
77,104,gene3,65,group4
80,155,gene3,65,group4
62,126,gene3,65,group4
94,174,gene3,65,group4
140,119,gene3,65,group4
170,150,gene3,65,group4
138,133,gene3,65,group4
111,122,gene3,65,group4
118,135,gene3,65,group4
153,64,gene3,65,group4
69,164,gene3,65,group4
160,150,gene3,65,group4
82,91,gene3,65,group4
81,65,gene3,65,group4
126,69,gene3,65,group4
93,94,gene3,65,group4
157,83,gene1,66,group4
105,111,gene1,66,group4
165,61,gene1,66,group4
162,107,gene3,66,group4
146,47,gene3,66,group4
101,159,gene3,66,group4
158,160,gene3,66,group4
123,158,gene3,66,group4
145,176,gene3,66,group4
107,46,gene3,66,group4
95,85,gene3,66,group4
92,107,gene3,66,group4
117,174,gene3,66,group4
81,176,gene3,66,group4
140,95,gene3,66,group4
99,168,gene3,66,group4
130,40,gene3,66,group4
83,115,gene3,66,group4
139,158,gene3,66,group4
52,74,gene3,66,group4
130,68,gene3,66,group4
115,74,gene3,66,group4
135,144,gene3,66,group4
161,157,gene3,66,group4
119,182,gene3,66,group4
80,100,gene3,66,group4
125,118,gene3,66,group4
141,134,gene3,66,group4
122,120,gene3,66,group4
175,141,gene3,66,group4
73,150,gene3,66,group4
57,114,gene3,66,group4
135,87,gene3,66,group4
149,93,gene3,66,group4
115,39,gene3,66,group4
39,111,gene3,66,group4
98,168,gene3,66,group4
121,129,gene3,66,group4
126,58,gene3,66,group4
108,42,gene3,66,group4
71,52,gene3,66,group4
122,56,gene3,66,group4
105,74,gene3,66,group4
125,185,gene3,66,group4
148,176,gene3,66,group4
124,146,gene3,66,group4
138,135,gene3,66,group4
155,66,gene3,66,group4
150,103,gene3,66,group4
66,128,gene3,66,group4
122,172,gene3,66,group4
138,133,gene3,66,group4
142,140,gene3,66,group4
77,127,gene1,67,group4
82,154,gene1,67,group4
160,117,gene2,67,group4
113,62,gene2,67,group4
130,81,gene3,67,group4
154,147,gene3,67,group4
105,131,gene3,67,group4
132,100,gene3,67,group4
89,135,gene3,67,group4
115,80,gene3,67,group4
132,154,gene3,67,group4
141,112,gene3,67,group4
86,180,gene3,67,group4
105,125,gene3,67,group4
117,133,gene3,67,group4
65,133,gene3,67,group4
89,46,gene3,67,group4
90,162,gene3,67,group4
123,166,gene3,67,group4
95,179,gene3,67,group4
100,162,gene3,67,group4
159,100,gene3,67,group4
65,71,gene3,67,group4
75,106,gene3,67,group4
118,69,gene3,67,group4
133,79,gene3,67,group4
133,155,gene3,67,group4
47,102,gene3,67,group4
156,131,gene3,67,group4
115,136,gene3,67,group4
147,170,gene3,67,group4
53,144,gene3,67,group4
157,114,gene3,67,group4
100,41,gene3,67,group4
143,112,gene3,67,group4
160,135,gene3,67,group4
121,126,gene3,67,group4
69,125,gene3,67,group4
115,184,gene3,67,group4
154,73,gene3,67,group4
169,89,gene3,67,group4
115,58,gene3,67,group4
154,72,gene3,67,group4
101,66,gene3,67,group4
79,129,gene3,67,group4
168,159,gene3,67,group4
178,84,gene3,67,group4
144,88,gene3,67,group4
105,39,gene3,67,group4
118,121,gene3,67,group4
62,86,gene3,67,group4
134,47,gene3,67,group4
110,99,gene3,67,group4
62,125,gene3,67,group4
85,170,gene1,68,group4
78,148,gene2,68,group4
41,107,gene2,68,group4
101,58,gene2,68,group4
112,107,gene3,68,group4
130,47,gene3,68,group4
144,45,gene3,68,group4
47,87,gene3,68,group4
59,88,gene3,68,group4
167,138,gene3,68,group4
141,117,gene3,68,group4
64,62,gene3,68,group4
98,117,gene3,68,group4
58,82,gene3,68,group4
82,173,gene3,68,group4
97,161,gene3,68,group4
168,96,gene3,68,group4
167,122,gene3,68,group4
106,168,gene3,68,group4
134,150,gene3,68,group4
57,125,gene3,68,group4
112,176,gene3,68,group4
132,83,gene3,68,group4
62,100,gene3,68,group4
128,169,gene3,68,group4
45,121,gene3,68,group4
177,97,gene3,68,group4
183,94,gene3,68,group4
118,59,gene3,68,group4
62,119,gene3,68,group4
164,136,gene3,68,group4
140,164,gene3,68,group4
124,128,gene3,68,group4
151,60,gene3,68,group4
176,124,gene3,68,group4
71,142,gene3,68,group4
124,45,gene3,68,group4
150,141,gene3,68,group4
81,128,gene3,68,group4
156,156,gene3,68,group4
98,127,gene3,68,group4
184,93,gene3,68,group4
100,59,gene3,68,group4
82,143,gene3,68,group4
149,98,gene3,68,group4
114,64,gene3,68,group4
76,50,gene3,68,group4
159,71,gene3,68,group4
86,148,gene3,68,group4
89,79,gene3,68,group4
90,54,gene3,68,group4
76,174,gene3,68,group4
139,178,gene3,68,group4
155,170,gene3,68,group4
106,42,gene1,69,group4
149,81,gene1,69,group4
161,87,gene1,69,group4
86,155,gene3,69,group4
44,120,gene3,69,group4
135,67,gene3,69,group4
138,83,gene3,69,group4
135,176,gene3,69,group4
145,116,gene3,69,group4
82,142,gene3,69,group4
178,105,gene3,69,group4
171,67,gene3,69,group4
143,59,gene3,69,group4
126,39,gene3,69,group4
112,136,gene3,69,group4
163,128,gene3,69,group4
159,166,gene3,69,group4
166,99,gene3,69,group4
43,129,gene3,69,group4
95,100,gene3,69,group4
115,101,gene3,69,group4
147,148,gene3,69,group4
108,109,gene3,69,group4
98,71,gene3,69,group4
164,89,gene3,69,group4
163,164,gene3,69,group4
95,184,gene3,69,group4
98,75,gene3,69,group4
114,73,gene3,69,group4
91,103,gene3,69,group4
112,108,gene3,69,group4
74,102,gene3,69,group4
94,177,gene3,69,group4
143,89,gene3,69,group4
99,47,gene3,69,group4
167,71,gene3,69,group4
129,93,gene3,69,group4
104,93,gene3,69,group4
105,175,gene3,69,group4
92,44,gene3,69,group4
128,133,gene3,69,group4
144,149,gene3,69,group4
179,132,gene3,69,group4
146,103,gene3,69,group4
108,175,gene3,69,group4
111,123,gene3,69,group4
184,111,gene3,69,group4
130,68,gene3,69,group4
133,127,gene3,69,group4
164,159,gene3,69,group4
130,179,gene3,69,group4
76,77,gene3,69,group4
99,64,gene3,69,group4
88,114,gene1,70,group4
156,103,gene2,70,group4
94,114,gene2,70,group4
73,95,gene3,70,group4
127,122,gene3,70,group4
182,88,gene3,70,group4
160,66,gene3,70,group4
164,101,gene3,70,group4
88,137,gene3,70,group4
141,48,gene3,70,group4
148,52,gene3,70,group4
134,55,gene3,70,group4
155,90,gene3,70,group4
120,42,gene3,70,group4
73,150,gene3,70,group4
166,154,gene3,70,group4
144,166,gene3,70,group4
75,93,gene3,70,group4
120,53,gene3,70,group4
129,48,gene3,70,group4
92,157,gene3,70,group4
116,115,gene3,70,group4
44,93,gene3,70,group4
161,82,gene3,70,group4
97,125,gene3,70,group4
152,118,gene3,70,group4
174,133,gene3,70,group4
84,178,gene3,70,group4
55,98,gene3,70,group4
98,52,gene3,70,group4
93,150,gene3,70,group4
48,80,gene3,70,group4
152,97,gene3,70,group4
158,61,gene3,70,group4
118,173,gene3,70,group4
98,100,gene3,70,group4
54,105,gene3,70,group4
133,160,gene3,70,group4
137,83,gene3,70,group4
110,111,gene3,70,group4
104,38,gene3,70,group4
91,94,gene3,70,group4
96,156,gene3,70,group4
138,119,gene3,70,group4
152,163,gene3,70,group4
49,107,gene3,70,group4
181,106,gene3,70,group4
88,81,gene3,70,group4
180,101,gene3,70,group4
101,168,gene3,70,group4
59,64,gene3,70,group4
141,133,gene3,70,group4
126,104,gene3,70,group4
146,151,gene1,71,group4
151,141,gene1,71,group4
143,101,gene2,71,group4
63,75,gene2,71,group4
118,83,gene2,71,group4
139,171,gene3,71,group4
113,46,gene3,71,group4
119,40,gene3,71,group4
100,130,gene3,71,group4
88,56,gene3,71,group4
89,47,gene3,71,group4
84,125,gene3,71,group4
108,144,gene3,71,group4
63,163,gene3,71,group4
75,145,gene3,71,group4
159,122,gene3,71,group4
105,90,gene3,71,group4
177,82,gene3,71,group4
137,158,gene3,71,group4
88,94,gene3,71,group4
131,160,gene3,71,group4
129,176,gene3,71,group4
147,170,gene3,71,group4
112,148,gene3,71,group4
101,109,gene3,71,group4
162,61,gene3,71,group4
105,136,gene3,71,group4
170,137,gene3,71,group4
86,51,gene3,71,group4
133,183,gene3,71,group4
120,164,gene3,71,group4
100,129,gene3,71,group4
174,121,gene3,71,group4
93,149,gene3,71,group4
141,164,gene3,71,group4
107,109,gene3,71,group4
102,60,gene3,71,group4
64,97,gene3,71,group4
119,95,gene3,71,group4
79,162,gene3,71,group4
142,67,gene3,71,group4
127,49,gene3,71,group4
60,76,gene3,71,group4
68,64,gene3,71,group4
135,161,gene3,71,group4
135,81,gene3,71,group4
118,163,gene3,71,group4
86,116,gene3,71,group4
98,80,gene3,71,group4
135,165,gene3,71,group4
112,105,gene3,71,group4
63,136,gene3,71,group4
170,125,gene3,71,group4
57,104,gene3,71,group4
132,90,gene3,71,group4
125,60,gene1,72,group4
43,99,gene1,72,group4
55,111,gene1,72,group4
181,101,gene3,72,group4
147,50,gene3,72,group4
101,64,gene3,72,group4
184,133,gene3,72,group4
90,173,gene3,72,group4
132,90,gene3,72,group4
75,154,gene3,72,group4
133,68,gene3,72,group4
165,83,gene3,72,group4
169,65,gene3,72,group4
151,90,gene3,72,group4
81,117,gene3,72,group4
113,148,gene3,72,group4
143,48,gene3,72,group4
86,180,gene3,72,group4
82,95,gene3,72,group4
154,155,gene3,72,group4
65,104,gene3,72,group4
135,85,gene3,72,group4
59,62,gene3,72,group4
67,140,gene3,72,group4
90,116,gene3,72,group4
129,172,gene3,72,group4
93,181,gene3,72,group4
44,136,gene3,72,group4
63,72,gene3,72,group4
56,151,gene3,72,group4
131,92,gene3,72,group4
79,105,gene3,72,group4
57,143,gene3,72,group4
119,111,gene3,72,group4
117,182,gene3,72,group4
98,85,gene3,72,group4
140,141,gene3,72,group4
73,56,gene3,72,group4
98,94,gene3,72,group4
111,148,gene3,72,group4
110,141,gene3,72,group4
137,137,gene3,72,group4
108,43,gene3,72,group4
140,63,gene3,72,group4
110,48,gene3,72,group4
41,135,gene3,72,group4
73,161,gene3,72,group4
61,60,gene3,72,group4
141,89,gene3,72,group4
100,97,gene3,72,group4
61,92,gene3,72,group4
90,149,gene3,72,group4
132,174,gene3,72,group4
126,39,gene1,73,group4
148,136,gene1,73,group4
160,143,gene2,73,group4
120,75,gene2,73,group4
90,139,gene2,73,group4
138,70,gene3,73,group4
162,105,gene3,73,group4
48,143,gene3,73,group4
120,85,gene3,73,group4
119,82,gene3,73,group4
66,98,gene3,73,group4
118,138,gene3,73,group4
118,118,gene3,73,group4
83,86,gene3,73,group4
133,64,gene3,73,group4
135,180,gene3,73,group4
100,113,gene3,73,group4
129,119,gene3,73,group4
167,123,gene3,73,group4
141,150,gene3,73,group4
83,126,gene3,73,group4
58,100,gene3,73,group4
130,129,gene3,73,group4
88,46,gene3,73,group4
120,168,gene3,73,group4
61,132,gene3,73,group4
101,182,gene3,73,group4
107,71,gene3,73,group4
149,107,gene3,73,group4
112,55,gene3,73,group4
67,53,gene3,73,group4
173,99,gene3,73,group4
51,70,gene3,73,group4
180,123,gene3,73,group4
81,126,gene3,73,group4
71,103,gene3,73,group4
108,99,gene3,73,group4
112,91,gene3,73,group4
126,87,gene3,73,group4
134,163,gene3,73,group4
120,102,gene3,73,group4
104,95,gene3,73,group4
114,113,gene3,73,group4
72,100,gene3,73,group4
120,75,gene3,73,group4
64,164,gene3,73,group4
123,58,gene3,73,group4
96,112,gene3,73,group4
78,47,gene3,73,group4
107,40,gene3,73,group4
115,103,gene3,73,group4
118,146,gene3,73,group4
144,71,gene3,73,group4
143,152,gene3,73,group4
128,114,gene3,73,group4
63,150,gene1,74,group4
146,65,gene1,74,group4
148,63,gene1,74,group4
151,104,gene2,74,group4
79,137,gene2,74,group4
141,85,gene3,74,group4
72,78,gene3,74,group4
95,86,gene3,74,group4
130,113,gene3,74,group4
112,154,gene3,74,group4
162,165,gene3,74,group4
47,124,gene3,74,group4
108,112,gene3,74,group4
42,109,gene3,74,group4
86,57,gene3,74,group4
98,110,gene3,74,group4
166,94,gene3,74,group4
94,58,gene3,74,group4
104,62,gene3,74,group4
133,68,gene3,74,group4
151,59,gene3,74,group4
40,105,gene3,74,group4
78,128,gene3,74,group4
164,97,gene3,74,group4
91,111,gene3,74,group4
127,86,gene3,74,group4
75,74,gene3,74,group4
164,91,gene3,74,group4
163,84,gene3,74,group4
76,120,gene3,74,group4
107,40,gene3,74,group4
76,103,gene3,74,group4
56,149,gene3,74,group4
98,145,gene3,74,group4
98,151,gene3,74,group4
131,64,gene3,74,group4
146,108,gene3,74,group4
126,85,gene3,74,group4
59,84,gene3,74,group4
148,68,gene3,74,group4
124,119,gene3,74,group4
66,77,gene3,74,group4
121,113,gene3,74,group4
124,142,gene3,74,group4
84,74,gene3,74,group4
47,123,gene3,74,group4
115,88,gene3,74,group4
100,110,gene3,74,group4
169,101,gene3,74,group4
141,43,gene3,74,group4
70,152,gene3,74,group4
140,150,gene3,74,group4
167,154,gene3,74,group4
118,170,gene3,74,group4
149,160,gene3,74,group4
53,146,gene2,75,group4
87,57,gene2,75,group4
58,126,gene3,75,group4
58,135,gene3,75,group4
137,143,gene3,75,group4
85,124,gene3,75,group4
117,165,gene3,75,group4
71,115,gene3,75,group4
112,183,gene3,75,group4
51,79,gene3,75,group4
178,107,gene3,75,group4
119,140,gene3,75,group4
101,140,gene3,75,group4
95,87,gene3,75,group4
121,160,gene3,75,group4
119,82,gene3,75,group4
44,106,gene3,75,group4
74,106,gene3,75,group4
94,168,gene3,75,group4
68,144,gene3,75,group4
154,149,gene3,75,group4
141,142,gene3,75,group4
91,116,gene3,75,group4
83,133,gene3,75,group4
80,88,gene3,75,group4
145,172,gene3,75,group4
47,82,gene3,75,group4
71,107,gene3,75,group4
108,105,gene3,75,group4
141,87,gene3,75,group4
42,113,gene3,75,group4
92,174,gene3,75,group4
120,172,gene3,75,group4
119,95,gene3,75,group4
151,160,gene3,75,group4
97,185,gene3,75,group4
145,141,gene3,75,group4
159,89,gene3,75,group4
43,119,gene3,75,group4
90,163,gene3,75,group4
108,141,gene3,75,group4
69,109,gene3,75,group4
85,44,gene3,75,group4
83,147,gene3,75,group4
177,93,gene3,75,group4
132,51,gene3,75,group4
73,138,gene3,75,group4
153,137,gene3,75,group4
62,135,gene3,75,group4
113,52,gene3,75,group4
106,95,gene3,75,group4
73,134,gene3,75,group4
119,93,gene1,76,group4
130,139,gene3,76,group4
142,44,gene3,76,group4
97,55,gene3,76,group4
132,78,gene3,76,group4
62,160,gene3,76,group4
170,129,gene3,76,group4
78,171,gene3,76,group4
82,149,gene3,76,group4
89,164,gene3,76,group4
70,146,gene3,76,group4
113,166,gene3,76,group4
52,156,gene3,76,group4
79,85,gene3,76,group4
70,135,gene3,76,group4
94,141,gene3,76,group4
163,113,gene3,76,group4
114,172,gene3,76,group4
68,55,gene3,76,group4
149,145,gene3,76,group4
134,85,gene3,76,group4
72,126,gene3,76,group4
103,95,gene3,76,group4
117,58,gene3,76,group4
74,93,gene3,76,group4
166,141,gene3,76,group4
50,109,gene3,76,group4
145,54,gene3,76,group4
134,171,gene3,76,group4
66,86,gene3,76,group4
53,143,gene3,76,group4
46,140,gene3,76,group4
114,132,gene3,76,group4
112,109,gene3,76,group4
100,82,gene3,76,group4
113,93,gene3,76,group4
85,96,gene3,76,group4
151,143,gene3,76,group4
167,70,gene3,76,group4
80,61,gene3,76,group4
84,136,gene3,76,group4
87,149,gene3,76,group4
159,87,gene3,76,group4
96,53,gene3,76,group4
114,71,gene3,76,group4
51,145,gene3,76,group4
107,111,gene3,76,group4
106,177,gene3,76,group4
157,138,gene3,76,group4
102,177,gene3,76,group4
123,133,gene3,76,group4
158,54,gene3,77,group4
69,122,gene3,77,group4
130,54,gene3,77,group4
142,107,gene3,77,group4
139,83,gene3,77,group4
115,168,gene3,77,group4
114,186,gene3,77,group4
115,170,gene3,77,group4
75,158,gene3,77,group4
86,148,gene3,77,group4
47,90,gene3,77,group4
111,186,gene3,77,group4
107,55,gene3,77,group4
78,107,gene3,77,group4
58,119,gene3,77,group4
51,79,gene3,77,group4
82,146,gene3,77,group4
124,122,gene3,77,group4
74,130,gene3,77,group4
127,146,gene3,77,group4
43,129,gene3,77,group4
124,74,gene3,77,group4
154,64,gene3,77,group4
70,151,gene3,77,group4
133,160,gene3,77,group4
179,116,gene3,77,group4
161,91,gene3,77,group4
145,117,gene3,77,group4
141,74,gene3,77,group4
112,117,gene3,77,group4
91,65,gene3,77,group4
87,69,gene3,77,group4
123,105,gene3,77,group4
121,160,gene3,77,group4
44,132,gene3,77,group4
108,144,gene3,77,group4
185,96,gene3,77,group4
136,93,gene3,77,group4
111,132,gene3,77,group4
140,84,gene3,77,group4
129,133,gene3,77,group4
122,103,gene3,77,group4
122,61,gene3,77,group4
82,150,gene3,77,group4
98,85,gene3,77,group4
62,151,gene3,77,group4
84,128,gene3,77,group4
51,115,gene3,77,group4
97,78,gene3,77,group4
120,159,gene3,77,group4
119,66,gene2,78,group4
63,143,gene2,78,group4
159,134,gene3,78,group4
184,126,gene3,78,group4
107,183,gene3,78,group4
98,106,gene3,78,group4
87,177,gene3,78,group4
82,129,gene3,78,group4
154,163,gene3,78,group4
140,77,gene3,78,group4
84,131,gene3,78,group4
156,78,gene3,78,group4
53,155,gene3,78,group4
135,57,gene3,78,group4
76,149,gene3,78,group4
48,147,gene3,78,group4
132,124,gene3,78,group4
68,132,gene3,78,group4
143,164,gene3,78,group4
86,68,gene3,78,group4
82,154,gene3,78,group4
143,175,gene3,78,group4
72,140,gene3,78,group4
65,68,gene3,78,group4
95,100,gene3,78,group4
120,85,gene3,78,group4
130,66,gene3,78,group4
117,69,gene3,78,group4
118,94,gene3,78,group4
162,62,gene3,78,group4
159,76,gene3,78,group4
166,82,gene3,78,group4
161,125,gene3,78,group4
80,108,gene3,78,group4
125,123,gene3,78,group4
99,105,gene3,78,group4
110,118,gene3,78,group4
112,75,gene3,78,group4
103,86,gene3,78,group4
115,158,gene3,78,group4
131,100,gene3,78,group4
180,98,gene3,78,group4
136,86,gene3,78,group4
135,61,gene3,78,group4
82,102,gene3,78,group4
62,109,gene3,78,group4
153,142,gene3,78,group4
135,143,gene3,78,group4
96,180,gene3,78,group4
146,118,gene3,78,group4
115,164,gene3,78,group4
143,142,gene3,78,group4
140,157,gene1,79,group4
138,100,gene1,79,group4
66,109,gene3,79,group4
119,171,gene3,79,group4
50,117,gene3,79,group4
114,120,gene3,79,group4
137,100,gene3,79,group4
37,112,gene3,79,group4
96,116,gene3,79,group4
62,135,gene3,79,group4
144,107,gene3,79,group4
94,110,gene3,79,group4
105,76,gene3,79,group4
94,89,gene3,79,group4
97,110,gene3,79,group4
93,155,gene3,79,group4
162,70,gene3,79,group4
127,145,gene3,79,group4
134,122,gene3,79,group4
155,71,gene3,79,group4
148,92,gene3,79,group4
55,108,gene3,79,group4
170,66,gene3,79,group4
114,156,gene3,79,group4
135,86,gene3,79,group4
134,100,gene3,79,group4
63,141,gene3,79,group4
118,122,gene3,79,group4
115,79,gene3,79,group4
98,60,gene3,79,group4
112,46,gene3,79,group4
95,81,gene3,79,group4
143,122,gene3,79,group4
67,158,gene3,79,group4
56,133,gene3,79,group4
64,80,gene3,79,group4
158,142,gene3,79,group4
104,92,gene3,79,group4
143,116,gene3,79,group4
80,58,gene3,79,group4
62,153,gene3,79,group4
41,111,gene3,79,group4
78,69,gene3,79,group4
135,75,gene3,79,group4
96,65,gene3,79,group4
136,75,gene3,79,group4
86,78,gene3,79,group4
161,132,gene3,79,group4
41,135,gene3,79,group4
43,141,gene3,79,group4
105,102,gene3,79,group4
120,167,gene3,79,group4
127,54,gene2,80,group4
125,45,gene3,80,group4
100,165,gene3,80,group4
140,60,gene3,80,group4
56,115,gene3,80,group4
46,136,gene3,80,group4
167,138,gene3,80,group4
142,62,gene3,80,group4
125,91,gene3,80,group4
163,81,gene3,80,group4
85,177,gene3,80,group4
105,185,gene3,80,group4
149,95,gene3,80,group4
84,137,gene3,80,group4
159,67,gene3,80,group4
106,105,gene3,80,group4
143,54,gene3,80,group4
134,132,gene3,80,group4
61,62,gene3,80,group4
74,111,gene3,80,group4
93,150,gene3,80,group4
86,89,gene3,80,group4
164,85,gene3,80,group4
88,87,gene3,80,group4
105,147,gene3,80,group4
101,176,gene3,80,group4
176,97,gene3,80,group4
102,183,gene3,80,group4
159,72,gene3,80,group4
161,100,gene3,80,group4
44,121,gene3,80,group4
56,160,gene3,80,group4
140,83,gene3,80,group4
93,94,gene3,80,group4
175,96,gene3,80,group4
98,157,gene3,80,group4
92,167,gene3,80,group4
135,127,gene3,80,group4
164,100,gene3,80,group4
67,88,gene3,80,group4
168,156,gene3,80,group4
69,113,gene3,80,group4
52,121,gene3,80,group4
47,108,gene3,80,group4
117,134,gene3,80,group4
171,156,gene3,80,group4
110,55,gene3,80,group4
63,158,gene3,80,group4
128,91,gene3,80,group4
168,133,gene3,80,group4
122,146,gene3,80,group4
