"X","Y"
1816,13884
1817,13882
1817,13883
1817,13884
1817,13885
1817,13886
1818,13881
1818,13882
1818,13883
1818,13884
1818,13885
1818,13886
1818,13887
1819,13867
1819,13868
1819,13880
1819,13881
1819,13882
1819,13883
1819,13884
1819,13885
1819,13886
1819,13887
1819,13888
1820,13864
1820,13865
1820,13866
1820,13867
1820,13868
1820,13869
1820,13870
1820,13871
1820,13880
1820,13881
1820,13882
1820,13883
1820,13884
1820,13885
1820,13886
1820,13887
1820,13888
1821,13863
1821,13864
1821,13865
1821,13866
1821,13867
1821,13868
1821,13869
1821,13870
1821,13871
1821,13872
1821,13879
1821,13880
1821,13881
1821,13882
1821,13883
1821,13884
1821,13885
1821,13886
1821,13887
1821,13888
1821,13889
1822,13861
1822,13862
1822,13863
1822,13864
1822,13865
1822,13866
1822,13867
1822,13868
1822,13869
1822,13870
1822,13871
1822,13872
1822,13873
1822,13874
1822,13875
1822,13880
1822,13881
1822,13882
1822,13883
1822,13884
1822,13885
1822,13886
1822,13887
1822,13888
1823,13859
1823,13860
1823,13861
1823,13862
1823,13863
1823,13864
1823,13865
1823,13866
1823,13867
1823,13868
1823,13869
1823,13870
1823,13871
1823,13872
1823,13873
1823,13874
1823,13875
1823,13876
1823,13878
1823,13880
1823,13881
1823,13882
1823,13883
1823,13884
1823,13885
1823,13886
1823,13887
1823,13888
1824,13858
1824,13859
1824,13860
1824,13861
1824,13862
1824,13863
1824,13864
1824,13865
1824,13866
1824,13867
1824,13868
1824,13869
1824,13870
1824,13871
1824,13872
1824,13873
1824,13874
1824,13875
1824,13876
1824,13877
1824,13878
1824,13879
1824,13880
1824,13881
1824,13882
1824,13883
1824,13884
1824,13885
1824,13886
1824,13887
1825,13857
1825,13858
1825,13859
1825,13860
1825,13861
1825,13862
1825,13863
1825,13864
1825,13865
1825,13866
1825,13867
1825,13868
1825,13869
1825,13870
1825,13871
1825,13872
1825,13873
1825,13874
1825,13875
1825,13876
1825,13877
1825,13878
1825,13879
1825,13880
1825,13881
1825,13882
1825,13883
1825,13884
1825,13885
1825,13886
1826,13856
1826,13857
1826,13858
1826,13859
1826,13860
1826,13861
1826,13862
1826,13863
1826,13864
1826,13865
1826,13866
1826,13867
1826,13868
1826,13869
1826,13870
1826,13871
1826,13872
1826,13873
1826,13874
1826,13875
1826,13876
1826,13877
1826,13878
1826,13879
1826,13880
1826,13881
1826,13882
1826,13884
1827,13856
1827,13857
1827,13858
1827,13859
1827,13860
1827,13861
1827,13862
1827,13863
1827,13864
1827,13865
1827,13866
1827,13867
1827,13868
1827,13869
1827,13870
1827,13871
1827,13872
1827,13873
1827,13874
1827,13875
1827,13876
1827,13877
1827,13878
1827,13879
1827,13880
1827,13881
1827,13882
1828,13855
1828,13856
1828,13857
1828,13858
1828,13859
1828,13860
1828,13861
1828,13862
1828,13863
1828,13864
1828,13865
1828,13866
1828,13867
1828,13868
1828,13869
1828,13870
1828,13871
1828,13872
1828,13873
1828,13874
1828,13875
1828,13876
1828,13877
1828,13878
1828,13879
1828,13880
1828,13881
1828,13882
1828,13883
1828,13884
1829,13854
1829,13855
1829,13856
1829,13857
1829,13858
1829,13859
1829,13860
1829,13861
1829,13862
1829,13863
1829,13864
1829,13865
1829,13866
1829,13867
1829,13868
1829,13869
1829,13870
1829,13871
1829,13872
1829,13873
1829,13874
1829,13875
1829,13876
1829,13877
1829,13878
1829,13879
1829,13880
1829,13881
1829,13882
1829,13883
1829,13884
1829,13885
1829,13886
1829,13887
1830,13854
1830,13855
1830,13856
1830,13857
1830,13858
1830,13859
1830,13860
1830,13861
1830,13862
1830,13863
1830,13864
1830,13865
1830,13866
1830,13867
1830,13868
1830,13869
1830,13870
1830,13871
1830,13872
1830,13873
1830,13874
1830,13875
1830,13876
1830,13877
1830,13878
1830,13879
1830,13880
1830,13881
1830,13882
1830,13883
1830,13884
1830,13885
1830,13886
1830,13887
1830,13888
1831,13854
1831,13855
1831,13856
1831,13857
1831,13858
1831,13859
1831,13860
1831,13861
1831,13862
1831,13863
1831,13864
1831,13865
1831,13866
1831,13867
1831,13868
1831,13869
1831,13870
1831,13871
1831,13872
1831,13873
1831,13874
1831,13875
1831,13876
1831,13877
1831,13878
1831,13879
1831,13880
1831,13881
1831,13882
1831,13883
1831,13884
1831,13885
1831,13886
1831,13887
1831,13888
1831,13889
1831,13890
1832,13853
1832,13854
1832,13855
1832,13856
1832,13857
1832,13858
1832,13859
1832,13860
1832,13861
1832,13862
1832,13863
1832,13864
1832,13865
1832,13866
1832,13867
1832,13868
1832,13869
1832,13870
1832,13871
1832,13872
1832,13873
1832,13874
1832,13875
1832,13876
1832,13877
1832,13878
1832,13879
1832,13880
1832,13881
1832,13882
1832,13883
1832,13884
1832,13885
1832,13886
1832,13887
1832,13888
1832,13889
1832,13890
1832,13891
1833,13853
1833,13854
1833,13855
1833,13856
1833,13857
1833,13858
1833,13859
1833,13860
1833,13861
1833,13862
1833,13863
1833,13864
1833,13865
1833,13866
1833,13867
1833,13868
1833,13869
1833,13870
1833,13871
1833,13872
1833,13873
1833,13874
1833,13875
1833,13876
1833,13877
1833,13878
1833,13879
1833,13880
1833,13881
1833,13882
1833,13883
1833,13884
1833,13885
1833,13886
1833,13887
1833,13888
1833,13889
1833,13890
1833,13891
1833,13892
1834,13853
1834,13854
1834,13855
1834,13856
1834,13857
1834,13858
1834,13859
1834,13860
1834,13861
1834,13862
1834,13863
1834,13864
1834,13865
1834,13866
1834,13867
1834,13868
1834,13869
1834,13870
1834,13871
1834,13872
1834,13873
1834,13874
1834,13875
1834,13876
1834,13877
1834,13878
1834,13879
1834,13880
1834,13881
1834,13882
1834,13883
1834,13884
1834,13885
1834,13886
1834,13887
1834,13888
1834,13889
1834,13890
1834,13891
1834,13892
1834,13893
1835,13852
1835,13853
1835,13854
1835,13855
1835,13856
1835,13857
1835,13858
1835,13859
1835,13860
1835,13861
1835,13862
1835,13863
1835,13864
1835,13865
1835,13866
1835,13867
1835,13868
1835,13869
1835,13870
1835,13871
1835,13872
1835,13873
1835,13874
1835,13875
1835,13876
1835,13877
1835,13878
1835,13879
1835,13880
1835,13881
1835,13882
1835,13883
1835,13884
1835,13885
1835,13886
1835,13887
1835,13888
1835,13889
1835,13890
1835,13891
1835,13892
1835,13893
1835,13894
1836,13852
1836,13853
1836,13854
1836,13855
1836,13856
1836,13857
1836,13858
1836,13859
1836,13860
1836,13861
1836,13862
1836,13863
1836,13864
1836,13865
1836,13866
1836,13867
1836,13868
1836,13869
1836,13870
1836,13871
1836,13872
1836,13873
1836,13874
1836,13875
1836,13876
1836,13877
1836,13878
1836,13879
1836,13880
1836,13881
1836,13882
1836,13883
1836,13884
1836,13885
1836,13886
1836,13887
1836,13888
1836,13889
1836,13890
1836,13891
1836,13892
1836,13893
1836,13894
1837,13852
1837,13853
1837,13854
1837,13855
1837,13856
1837,13857
1837,13858
1837,13859
1837,13860
1837,13861
1837,13862
1837,13863
1837,13864
1837,13865
1837,13866
1837,13867
1837,13868
1837,13869
1837,13870
1837,13871
1837,13872
1837,13873
1837,13874
1837,13875
1837,13876
1837,13877
1837,13878
1837,13879
1837,13880
1837,13881
1837,13882
1837,13883
1837,13884
1837,13885
1837,13886
1837,13887
1837,13888
1837,13889
1837,13890
1837,13891
1837,13892
1837,13893
1837,13894
1837,13895
1838,13851
1838,13852
1838,13853
1838,13854
1838,13855
1838,13856
1838,13857
1838,13858
1838,13859
1838,13860
1838,13861
1838,13862
1838,13863
1838,13864
1838,13865
1838,13866
1838,13867
1838,13868
1838,13869
1838,13870
1838,13871
1838,13872
1838,13873
1838,13874
1838,13875
1838,13876
1838,13877
1838,13878
1838,13879
1838,13880
1838,13881
1838,13882
1838,13883
1838,13884
1838,13885
1838,13886
1838,13887
1838,13888
1838,13889
1838,13890
1838,13891
1838,13892
1838,13893
1838,13894
1838,13895
1839,13852
1839,13853
1839,13854
1839,13855
1839,13856
1839,13857
1839,13858
1839,13859
1839,13860
1839,13861
1839,13862
1839,13863
1839,13864
1839,13865
1839,13866
1839,13867
1839,13868
1839,13869
1839,13870
1839,13871
1839,13872
1839,13873
1839,13874
1839,13875
1839,13876
1839,13877
1839,13878
1839,13879
1839,13880
1839,13881
1839,13882
1839,13883
1839,13884
1839,13885
1839,13886
1839,13887
1839,13888
1839,13889
1839,13890
1839,13891
1839,13892
1839,13893
1839,13894
1839,13895
1840,13852
1840,13853
1840,13854
1840,13855
1840,13856
1840,13857
1840,13858
1840,13859
1840,13860
1840,13861
1840,13862
1840,13863
1840,13864
1840,13865
1840,13866
1840,13867
1840,13868
1840,13869
1840,13870
1840,13871
1840,13872
1840,13873
1840,13874
1840,13875
1840,13876
1840,13877
1840,13878
1840,13879
1840,13880
1840,13881
1840,13882
1840,13883
1840,13884
1840,13885
1840,13886
1840,13887
1840,13888
1840,13889
1840,13890
1840,13891
1840,13892
1840,13893
1840,13894
1840,13895
1840,13896
1841,13852
1841,13853
1841,13854
1841,13855
1841,13856
1841,13857
1841,13858
1841,13859
1841,13860
1841,13861
1841,13862
1841,13863
1841,13864
1841,13865
1841,13866
1841,13867
1841,13868
1841,13869
1841,13870
1841,13871
1841,13872
1841,13873
1841,13874
1841,13875
1841,13876
1841,13877
1841,13878
1841,13879
1841,13880
1841,13881
1841,13882
1841,13883
1841,13884
1841,13885
1841,13886
1841,13887
1841,13888
1841,13889
1841,13890
1841,13891
1841,13892
1841,13893
1841,13894
1841,13895
1841,13896
1842,13852
1842,13853
1842,13854
1842,13855
1842,13856
1842,13857
1842,13858
1842,13859
1842,13860
1842,13861
1842,13862
1842,13863
1842,13864
1842,13865
1842,13866
1842,13867
1842,13868
1842,13869
1842,13870
1842,13871
1842,13872
1842,13873
1842,13874
1842,13875
1842,13876
1842,13877
1842,13878
1842,13879
1842,13880
1842,13881
1842,13882
1842,13883
1842,13884
1842,13885
1842,13886
1842,13887
1842,13888
1842,13889
1842,13890
1842,13891
1842,13892
1842,13893
1842,13894
1842,13895
1842,13896
1843,13851
1843,13852
1843,13853
1843,13854
1843,13855
1843,13856
1843,13857
1843,13858
1843,13859
1843,13860
1843,13861
1843,13862
1843,13863
1843,13864
1843,13865
1843,13866
1843,13867
1843,13868
1843,13869
1843,13870
1843,13871
1843,13872
1843,13873
1843,13874
1843,13875
1843,13876
1843,13877
1843,13878
1843,13879
1843,13880
1843,13881
1843,13882
1843,13883
1843,13884
1843,13885
1843,13886
1843,13887
1843,13888
1843,13889
1843,13890
1843,13891
1843,13892
1843,13893
1843,13894
1843,13895
1843,13896
1844,13850
1844,13851
1844,13852
1844,13853
1844,13854
1844,13855
1844,13856
1844,13857
1844,13858
1844,13859
1844,13860
1844,13861
1844,13862
1844,13863
1844,13864
1844,13865
1844,13866
1844,13867
1844,13868
1844,13869
1844,13870
1844,13871
1844,13872
1844,13873
1844,13874
1844,13875
1844,13876
1844,13877
1844,13878
1844,13879
1844,13880
1844,13881
1844,13882
1844,13883
1844,13884
1844,13885
1844,13886
1844,13887
1844,13888
1844,13889
1844,13890
1844,13891
1844,13892
1844,13893
1844,13894
1844,13895
1845,13850
1845,13851
1845,13852
1845,13853
1845,13854
1845,13855
1845,13856
1845,13857
1845,13858
1845,13859
1845,13860
1845,13861
1845,13862
1845,13863
1845,13864
1845,13865
1845,13866
1845,13867
1845,13868
1845,13869
1845,13870
1845,13871
1845,13872
1845,13873
1845,13874
1845,13875
1845,13876
1845,13877
1845,13878
1845,13879
1845,13880
1845,13881
1845,13882
1845,13883
1845,13884
1845,13885
1845,13886
1845,13887
1845,13888
1845,13889
1845,13890
1845,13891
1845,13892
1845,13893
1845,13894
1845,13895
1846,13850
1846,13851
1846,13852
1846,13853
1846,13854
1846,13855
1846,13856
1846,13857
1846,13858
1846,13859
1846,13860
1846,13861
1846,13862
1846,13863
1846,13864
1846,13865
1846,13866
1846,13867
1846,13868
1846,13869
1846,13870
1846,13871
1846,13872
1846,13873
1846,13874
1846,13875
1846,13876
1846,13877
1846,13878
1846,13879
1846,13880
1846,13881
1846,13882
1846,13883
1846,13884
1846,13885
1846,13886
1846,13887
1846,13888
1846,13889
1846,13890
1846,13891
1846,13892
1846,13893
1846,13894
1846,13895
1847,13849
1847,13850
1847,13851
1847,13852
1847,13853
1847,13854
1847,13855
1847,13856
1847,13857
1847,13858
1847,13859
1847,13860
1847,13861
1847,13862
1847,13863
1847,13864
1847,13865
1847,13866
1847,13867
1847,13868
1847,13869
1847,13870
1847,13871
1847,13872
1847,13873
1847,13874
1847,13875
1847,13876
1847,13877
1847,13878
1847,13879
1847,13880
1847,13881
1847,13882
1847,13883
1847,13884
1847,13885
1847,13886
1847,13887
1847,13888
1847,13889
1847,13890
1847,13891
1847,13892
1847,13893
1847,13894
1848,13848
1848,13849
1848,13850
1848,13851
1848,13852
1848,13853
1848,13854
1848,13855
1848,13856
1848,13857
1848,13858
1848,13859
1848,13860
1848,13861
1848,13862
1848,13863
1848,13864
1848,13865
1848,13866
1848,13867
1848,13868
1848,13869
1848,13870
1848,13871
1848,13872
1848,13873
1848,13874
1848,13875
1848,13876
1848,13877
1848,13878
1848,13879
1848,13880
1848,13881
1848,13882
1848,13883
1848,13884
1848,13885
1848,13886
1848,13887
1848,13888
1848,13889
1848,13890
1848,13891
1848,13892
1848,13893
1848,13894
1849,13847
1849,13848
1849,13849
1849,13850
1849,13851
1849,13852
1849,13853
1849,13854
1849,13855
1849,13856
1849,13857
1849,13858
1849,13859
1849,13860
1849,13861
1849,13862
1849,13863
1849,13864
1849,13865
1849,13866
1849,13867
1849,13868
1849,13869
1849,13870
1849,13871
1849,13872
1849,13873
1849,13874
1849,13875
1849,13876
1849,13877
1849,13878
1849,13879
1849,13880
1849,13881
1849,13882
1849,13883
1849,13884
1849,13885
1849,13886
1849,13887
1849,13888
1849,13889
1849,13890
1849,13891
1849,13892
1849,13893
1849,13894
1849,13895
1850,13846
1850,13847
1850,13848
1850,13849
1850,13850
1850,13851
1850,13852
1850,13853
1850,13854
1850,13855
1850,13856
1850,13857
1850,13858
1850,13859
1850,13860
1850,13861
1850,13862
1850,13863
1850,13864
1850,13865
1850,13866
1850,13867
1850,13868
1850,13869
1850,13870
1850,13871
1850,13872
1850,13873
1850,13874
1850,13875
1850,13876
1850,13877
1850,13878
1850,13879
1850,13880
1850,13881
1850,13882
1850,13883
1850,13884
1850,13885
1850,13886
1850,13887
1850,13888
1850,13889
1850,13890
1850,13891
1850,13892
1850,13893
1850,13894
1850,13895
1851,13846
1851,13847
1851,13848
1851,13849
1851,13850
1851,13851
1851,13852
1851,13853
1851,13854
1851,13855
1851,13856
1851,13857
1851,13858
1851,13859
1851,13860
1851,13861
1851,13862
1851,13863
1851,13864
1851,13865
1851,13866
1851,13867
1851,13868
1851,13869
1851,13870
1851,13871
1851,13872
1851,13873
1851,13874
1851,13875
1851,13876
1851,13877
1851,13878
1851,13879
1851,13880
1851,13881
1851,13882
1851,13883
1851,13884
1851,13885
1851,13886
1851,13887
1851,13888
1851,13889
1851,13890
1851,13891
1851,13892
1851,13893
1851,13894
1851,13895
1852,13846
1852,13847
1852,13848
1852,13849
1852,13850
1852,13851
1852,13852
1852,13853
1852,13854
1852,13855
1852,13856
1852,13857
1852,13858
1852,13859
1852,13860
1852,13861
1852,13862
1852,13863
1852,13864
1852,13865
1852,13866
1852,13867
1852,13868
1852,13869
1852,13870
1852,13871
1852,13872
1852,13873
1852,13874
1852,13875
1852,13876
1852,13877
1852,13878
1852,13879
1852,13880
1852,13881
1852,13882
1852,13883
1852,13884
1852,13885
1852,13886
1852,13887
1852,13888
1852,13889
1852,13890
1852,13891
1852,13892
1852,13893
1852,13894
1852,13895
1852,13896
1853,13845
1853,13846
1853,13847
1853,13848
1853,13849
1853,13850
1853,13851
1853,13852
1853,13853
1853,13854
1853,13855
1853,13856
1853,13857
1853,13858
1853,13859
1853,13860
1853,13861
1853,13862
1853,13863
1853,13864
1853,13865
1853,13866
1853,13867
1853,13868
1853,13869
1853,13870
1853,13871
1853,13872
1853,13873
1853,13874
1853,13875
1853,13876
1853,13877
1853,13878
1853,13879
1853,13880
1853,13881
1853,13882
1853,13883
1853,13884
1853,13885
1853,13886
1853,13887
1853,13888
1853,13889
1853,13890
1853,13891
1853,13892
1853,13893
1853,13894
1853,13895
1854,13845
1854,13846
1854,13847
1854,13848
1854,13849
1854,13850
1854,13851
1854,13852
1854,13853
1854,13854
1854,13855
1854,13856
1854,13857
1854,13858
1854,13859
1854,13860
1854,13861
1854,13862
1854,13863
1854,13864
1854,13865
1854,13866
1854,13867
1854,13868
1854,13869
1854,13870
1854,13871
1854,13872
1854,13873
1854,13874
1854,13875
1854,13876
1854,13877
1854,13878
1854,13879
1854,13880
1854,13881
1854,13882
1854,13883
1854,13884
1854,13885
1854,13886
1854,13887
1854,13888
1854,13889
1854,13890
1854,13891
1854,13892
1854,13893
1854,13894
1854,13895
1855,13844
1855,13845
1855,13846
1855,13847
1855,13848
1855,13849
1855,13850
1855,13851
1855,13852
1855,13853
1855,13854
1855,13855
1855,13856
1855,13857
1855,13858
1855,13859
1855,13860
1855,13861
1855,13862
1855,13863
1855,13864
1855,13865
1855,13866
1855,13867
1855,13868
1855,13869
1855,13870
1855,13871
1855,13872
1855,13873
1855,13874
1855,13875
1855,13876
1855,13877
1855,13878
1855,13879
1855,13880
1855,13881
1855,13882
1855,13883
1855,13884
1855,13885
1855,13886
1855,13887
1855,13888
1855,13889
1855,13890
1855,13891
1855,13892
1855,13893
1855,13894
1855,13895
1856,13843
1856,13844
1856,13845
1856,13846
1856,13847
1856,13848
1856,13849
1856,13850
1856,13851
1856,13852
1856,13853
1856,13854
1856,13855
1856,13856
1856,13857
1856,13858
1856,13859
1856,13860
1856,13861
1856,13862
1856,13863
1856,13864
1856,13865
1856,13866
1856,13867
1856,13868
1856,13869
1856,13870
1856,13871
1856,13872
1856,13873
1856,13874
1856,13875
1856,13876
1856,13877
1856,13878
1856,13879
1856,13880
1856,13881
1856,13882
1856,13883
1856,13884
1856,13885
1856,13886
1856,13887
1856,13888
1856,13889
1856,13890
1856,13891
1856,13892
1856,13893
1856,13894
1856,13895
1857,13842
1857,13843
1857,13844
1857,13845
1857,13846
1857,13847
1857,13848
1857,13849
1857,13850
1857,13851
1857,13852
1857,13853
1857,13854
1857,13855
1857,13856
1857,13857
1857,13858
1857,13859
1857,13860
1857,13861
1857,13862
1857,13863
1857,13864
1857,13865
1857,13866
1857,13867
1857,13868
1857,13869
1857,13870
1857,13871
1857,13872
1857,13873
1857,13874
1857,13875
1857,13876
1857,13877
1857,13878
1857,13879
1857,13880
1857,13881
1857,13882
1857,13883
1857,13884
1857,13885
1857,13886
1857,13887
1857,13888
1857,13889
1857,13890
1857,13891
1857,13892
1857,13893
1857,13894
1857,13895
1857,13896
1858,13842
1858,13843
1858,13844
1858,13845
1858,13846
1858,13847
1858,13848
1858,13849
1858,13850
1858,13851
1858,13852
1858,13853
1858,13854
1858,13855
1858,13856
1858,13857
1858,13858
1858,13859
1858,13860
1858,13861
1858,13862
1858,13863
1858,13864
1858,13865
1858,13866
1858,13867
1858,13868
1858,13869
1858,13870
1858,13871
1858,13872
1858,13873
1858,13874
1858,13875
1858,13876
1858,13877
1858,13878
1858,13879
1858,13880
1858,13881
1858,13882
1858,13883
1858,13884
1858,13885
1858,13886
1858,13887
1858,13888
1858,13889
1858,13890
1858,13891
1858,13892
1858,13893
1858,13894
1858,13895
1858,13896
1859,13841
1859,13842
1859,13843
1859,13844
1859,13845
1859,13846
1859,13847
1859,13848
1859,13849
1859,13850
1859,13851
1859,13852
1859,13853
1859,13854
1859,13855
1859,13856
1859,13857
1859,13858
1859,13859
1859,13860
1859,13861
1859,13862
1859,13863
1859,13864
1859,13865
1859,13866
1859,13867
1859,13868
1859,13869
1859,13870
1859,13871
1859,13872
1859,13873
1859,13874
1859,13875
1859,13876
1859,13877
1859,13878
1859,13879
1859,13880
1859,13881
1859,13882
1859,13883
1859,13884
1859,13885
1859,13886
1859,13887
1859,13888
1859,13889
1859,13890
1859,13891
1859,13892
1859,13893
1859,13894
1859,13895
1860,13841
1860,13842
1860,13843
1860,13844
1860,13845
1860,13846
1860,13847
1860,13848
1860,13849
1860,13850
1860,13851
1860,13852
1860,13853
1860,13854
1860,13855
1860,13856
1860,13857
1860,13858
1860,13859
1860,13860
1860,13861
1860,13862
1860,13863
1860,13864
1860,13865
1860,13866
1860,13867
1860,13868
1860,13869
1860,13870
1860,13871
1860,13872
1860,13873
1860,13874
1860,13875
1860,13876
1860,13877
1860,13878
1860,13879
1860,13880
1860,13881
1860,13882
1860,13883
1860,13884
1860,13885
1860,13886
1860,13887
1860,13888
1860,13889
1860,13890
1860,13891
1860,13892
1860,13893
1860,13894
1860,13895
1861,13840
1861,13841
1861,13842
1861,13843
1861,13844
1861,13845
1861,13846
1861,13847
1861,13848
1861,13849
1861,13850
1861,13851
1861,13852
1861,13853
1861,13854
1861,13855
1861,13856
1861,13857
1861,13858
1861,13859
1861,13860
1861,13861
1861,13862
1861,13863
1861,13864
1861,13865
1861,13866
1861,13867
1861,13868
1861,13869
1861,13870
1861,13871
1861,13872
1861,13873
1861,13874
1861,13875
1861,13876
1861,13877
1861,13878
1861,13879
1861,13880
1861,13881
1861,13882
1861,13883
1861,13884
1861,13885
1861,13886
1861,13887
1861,13888
1861,13889
1861,13890
1861,13891
1861,13892
1861,13893
1861,13894
1861,13895
1862,13840
1862,13841
1862,13842
1862,13843
1862,13844
1862,13845
1862,13846
1862,13847
1862,13848
1862,13849
1862,13850
1862,13851
1862,13852
1862,13853
1862,13854
1862,13855
1862,13856
1862,13857
1862,13858
1862,13859
1862,13860
1862,13861
1862,13862
1862,13863
1862,13864
1862,13865
1862,13866
1862,13867
1862,13868
1862,13869
1862,13870
1862,13871
1862,13872
1862,13873
1862,13874
1862,13875
1862,13876
1862,13877
1862,13878
1862,13879
1862,13880
1862,13881
1862,13882
1862,13883
1862,13884
1862,13885
1862,13886
1862,13887
1862,13888
1862,13889
1862,13890
1862,13891
1862,13892
1862,13893
1862,13894
1862,13895
1862,13896
1863,13839
1863,13840
1863,13841
1863,13842
1863,13843
1863,13844
1863,13845
1863,13846
1863,13847
1863,13848
1863,13849
1863,13850
1863,13851
1863,13852
1863,13853
1863,13854
1863,13855
1863,13856
1863,13857
1863,13858
1863,13859
1863,13860
1863,13861
1863,13862
1863,13863
1863,13864
1863,13865
1863,13866
1863,13867
1863,13868
1863,13869
1863,13870
1863,13871
1863,13872
1863,13873
1863,13874
1863,13875
1863,13876
1863,13877
1863,13878
1863,13879
1863,13880
1863,13881
1863,13882
1863,13883
1863,13884
1863,13885
1863,13886
1863,13887
1863,13888
1863,13889
1863,13890
1863,13891
1863,13892
1863,13893
1863,13894
1863,13895
1863,13896
1863,13897
1864,13838
1864,13839
1864,13840
1864,13841
1864,13842
1864,13843
1864,13844
1864,13845
1864,13846
1864,13847
1864,13848
1864,13849
1864,13850
1864,13851
1864,13852
1864,13853
1864,13854
1864,13855
1864,13856
1864,13857
1864,13858
1864,13859
1864,13860
1864,13861
1864,13862
1864,13863
1864,13864
1864,13865
1864,13866
1864,13867
1864,13868
1864,13869
1864,13870
1864,13871
1864,13872
1864,13873
1864,13874
1864,13875
1864,13876
1864,13877
1864,13878
1864,13879
1864,13880
1864,13881
1864,13882
1864,13883
1864,13884
1864,13885
1864,13886
1864,13887
1864,13888
1864,13889
1864,13890
1864,13891
1864,13892
1864,13893
1864,13894
1864,13895
1864,13896
1864,13897
1864,13898
1865,13837
1865,13838
1865,13839
1865,13840
1865,13841
1865,13842
1865,13843
1865,13844
1865,13845
1865,13846
1865,13847
1865,13848
1865,13849
1865,13850
1865,13851
1865,13852
1865,13853
1865,13854
1865,13855
1865,13856
1865,13857
1865,13858
1865,13859
1865,13860
1865,13861
1865,13862
1865,13863
1865,13864
1865,13865
1865,13866
1865,13867
1865,13868
1865,13869
1865,13870
1865,13871
1865,13872
1865,13873
1865,13874
1865,13875
1865,13876
1865,13877
1865,13878
1865,13879
1865,13880
1865,13881
1865,13882
1865,13883
1865,13884
1865,13885
1865,13886
1865,13887
1865,13888
1865,13889
1865,13890
1865,13891
1865,13892
1865,13893
1865,13894
1865,13895
1865,13896
1865,13897
1865,13898
1865,13899
1866,13837
1866,13838
1866,13839
1866,13840
1866,13841
1866,13842
1866,13843
1866,13844
1866,13845
1866,13846
1866,13847
1866,13848
1866,13849
1866,13850
1866,13851
1866,13852
1866,13853
1866,13854
1866,13855
1866,13856
1866,13857
1866,13858
1866,13859
1866,13860
1866,13861
1866,13862
1866,13863
1866,13864
1866,13865
1866,13866
1866,13867
1866,13868
1866,13869
1866,13870
1866,13871
1866,13872
1866,13873
1866,13874
1866,13875
1866,13876
1866,13877
1866,13878
1866,13879
1866,13880
1866,13881
1866,13882
1866,13883
1866,13884
1866,13885
1866,13886
1866,13887
1866,13888
1866,13889
1866,13890
1866,13891
1866,13892
1866,13893
1866,13894
1866,13895
1866,13896
1866,13897
1866,13898
1866,13899
1866,13900
1867,13837
1867,13838
1867,13839
1867,13840
1867,13841
1867,13842
1867,13843
1867,13844
1867,13845
1867,13846
1867,13847
1867,13848
1867,13849
1867,13850
1867,13851
1867,13852
1867,13853
1867,13854
1867,13855
1867,13856
1867,13857
1867,13858
1867,13859
1867,13860
1867,13861
1867,13862
1867,13863
1867,13864
1867,13865
1867,13866
1867,13867
1867,13868
1867,13869
1867,13870
1867,13871
1867,13872
1867,13873
1867,13874
1867,13875
1867,13876
1867,13877
1867,13878
1867,13879
1867,13880
1867,13881
1867,13882
1867,13883
1867,13884
1867,13885
1867,13886
1867,13887
1867,13888
1867,13889
1867,13890
1867,13891
1867,13892
1867,13893
1867,13894
1867,13895
1867,13896
1867,13897
1867,13898
1867,13899
1867,13900
1867,13901
1868,13836
1868,13837
1868,13838
1868,13839
1868,13840
1868,13841
1868,13842
1868,13843
1868,13844
1868,13845
1868,13846
1868,13847
1868,13848
1868,13849
1868,13850
1868,13851
1868,13852
1868,13853
1868,13854
1868,13855
1868,13856
1868,13857
1868,13858
1868,13859
1868,13860
1868,13861
1868,13862
1868,13863
1868,13864
1868,13865
1868,13866
1868,13867
1868,13868
1868,13869
1868,13870
1868,13871
1868,13872
1868,13873
1868,13874
1868,13875
1868,13876
1868,13877
1868,13878
1868,13879
1868,13880
1868,13881
1868,13882
1868,13883
1868,13884
1868,13885
1868,13886
1868,13887
1868,13888
1868,13889
1868,13890
1868,13891
1868,13892
1868,13893
1868,13894
1868,13895
1868,13896
1868,13897
1868,13898
1868,13899
1868,13900
1868,13901
1869,13837
1869,13838
1869,13839
1869,13840
1869,13841
1869,13842
1869,13843
1869,13844
1869,13845
1869,13846
1869,13847
1869,13848
1869,13849
1869,13850
1869,13851
1869,13852
1869,13853
1869,13854
1869,13855
1869,13856
1869,13857
1869,13858
1869,13859
1869,13860
1869,13861
1869,13862
1869,13863
1869,13864
1869,13865
1869,13866
1869,13867
1869,13868
1869,13869
1869,13870
1869,13871
1869,13872
1869,13873
1869,13874
1869,13875
1869,13876
1869,13877
1869,13878
1869,13879
1869,13880
1869,13881
1869,13882
1869,13883
1869,13884
1869,13885
1869,13886
1869,13887
1869,13888
1869,13889
1869,13890
1869,13891
1869,13892
1869,13893
1869,13894
1869,13895
1869,13896
1869,13897
1869,13898
1869,13899
1869,13900
1869,13901
1870,13837
1870,13838
1870,13839
1870,13840
1870,13841
1870,13842
1870,13843
1870,13844
1870,13845
1870,13846
1870,13847
1870,13848
1870,13849
1870,13850
1870,13851
1870,13852
1870,13853
1870,13854
1870,13855
1870,13856
1870,13857
1870,13858
1870,13859
1870,13860
1870,13861
1870,13862
1870,13863
1870,13864
1870,13865
1870,13866
1870,13867
1870,13868
1870,13869
1870,13870
1870,13871
1870,13872
1870,13873
1870,13874
1870,13875
1870,13876
1870,13877
1870,13878
1870,13879
1870,13880
1870,13881
1870,13882
1870,13883
1870,13884
1870,13885
1870,13886
1870,13887
1870,13888
1870,13889
1870,13890
1870,13891
1870,13892
1870,13893
1870,13894
1870,13895
1870,13896
1870,13897
1870,13898
1870,13899
1870,13900
1870,13901
1870,13902
1871,13836
1871,13837
1871,13838
1871,13839
1871,13840
1871,13841
1871,13842
1871,13843
1871,13844
1871,13845
1871,13846
1871,13847
1871,13848
1871,13849
1871,13850
1871,13851
1871,13852
1871,13853
1871,13854
1871,13855
1871,13856
1871,13857
1871,13858
1871,13859
1871,13860
1871,13861
1871,13862
1871,13863
1871,13864
1871,13865
1871,13866
1871,13867
1871,13868
1871,13869
1871,13870
1871,13871
1871,13872
1871,13873
1871,13874
1871,13875
1871,13876
1871,13877
1871,13878
1871,13879
1871,13880
1871,13881
1871,13882
1871,13883
1871,13884
1871,13885
1871,13886
1871,13887
1871,13888
1871,13889
1871,13890
1871,13891
1871,13892
1871,13893
1871,13894
1871,13895
1871,13896
1871,13897
1871,13898
1871,13899
1871,13900
1871,13901
1871,13902
1872,13836
1872,13837
1872,13838
1872,13839
1872,13840
1872,13841
1872,13842
1872,13843
1872,13844
1872,13845
1872,13846
1872,13847
1872,13848
1872,13849
1872,13850
1872,13851
1872,13852
1872,13853
1872,13854
1872,13855
1872,13856
1872,13857
1872,13858
1872,13859
1872,13860
1872,13861
1872,13862
1872,13863
1872,13864
1872,13865
1872,13866
1872,13867
1872,13868
1872,13869
1872,13870
1872,13871
1872,13872
1872,13873
1872,13874
1872,13875
1872,13876
1872,13877
1872,13878
1872,13879
1872,13880
1872,13881
1872,13882
1872,13883
1872,13884
1872,13885
1872,13886
1872,13887
1872,13888
1872,13889
1872,13890
1872,13891
1872,13892
1872,13893
1872,13894
1872,13895
1872,13896
1872,13897
1872,13898
1872,13899
1872,13900
1872,13901
1872,13902
1873,13835
1873,13836
1873,13837
1873,13838
1873,13839
1873,13840
1873,13841
1873,13842
1873,13843
1873,13844
1873,13845
1873,13846
1873,13847
1873,13848
1873,13849
1873,13850
1873,13851
1873,13852
1873,13853
1873,13854
1873,13855
1873,13856
1873,13857
1873,13858
1873,13859
1873,13860
1873,13861
1873,13862
1873,13863
1873,13864
1873,13865
1873,13866
1873,13867
1873,13868
1873,13869
1873,13870
1873,13871
1873,13872
1873,13873
1873,13874
1873,13875
1873,13876
1873,13877
1873,13878
1873,13879
1873,13880
1873,13881
1873,13882
1873,13883
1873,13884
1873,13885
1873,13886
1873,13887
1873,13888
1873,13889
1873,13890
1873,13891
1873,13892
1873,13893
1873,13894
1873,13895
1873,13896
1873,13897
1873,13898
1873,13899
1873,13900
1873,13901
1873,13902
1873,13903
1874,13835
1874,13836
1874,13837
1874,13838
1874,13839
1874,13840
1874,13841
1874,13842
1874,13843
1874,13844
1874,13845
1874,13846
1874,13847
1874,13848
1874,13849
1874,13850
1874,13851
1874,13852
1874,13853
1874,13854
1874,13855
1874,13856
1874,13857
1874,13858
1874,13859
1874,13860
1874,13861
1874,13862
1874,13863
1874,13864
1874,13865
1874,13866
1874,13867
1874,13868
1874,13869
1874,13870
1874,13871
1874,13872
1874,13873
1874,13874
1874,13875
1874,13876
1874,13877
1874,13878
1874,13879
1874,13880
1874,13881
1874,13882
1874,13883
1874,13884
1874,13885
1874,13886
1874,13887
1874,13888
1874,13889
1874,13890
1874,13891
1874,13892
1874,13893
1874,13894
1874,13895
1874,13896
1874,13897
1874,13898
1874,13899
1874,13900
1874,13901
1874,13902
1875,13834
1875,13835
1875,13836
1875,13837
1875,13838
1875,13839
1875,13840
1875,13841
1875,13842
1875,13843
1875,13844
1875,13845
1875,13846
1875,13847
1875,13848
1875,13849
1875,13850
1875,13851
1875,13852
1875,13853
1875,13854
1875,13855
1875,13856
1875,13857
1875,13858
1875,13859
1875,13860
1875,13861
1875,13862
1875,13863
1875,13864
1875,13865
1875,13866
1875,13867
1875,13868
1875,13869
1875,13870
1875,13871
1875,13872
1875,13873
1875,13874
1875,13875
1875,13876
1875,13877
1875,13878
1875,13879
1875,13880
1875,13881
1875,13882
1875,13883
1875,13884
1875,13885
1875,13886
1875,13887
1875,13888
1875,13889
1875,13890
1875,13891
1875,13892
1875,13893
1875,13894
1875,13895
1875,13896
1875,13897
1875,13898
1875,13899
1875,13900
1875,13901
1875,13902
1876,13834
1876,13835
1876,13836
1876,13837
1876,13838
1876,13839
1876,13840
1876,13841
1876,13842
1876,13843
1876,13844
1876,13845
1876,13846
1876,13847
1876,13848
1876,13849
1876,13850
1876,13851
1876,13852
1876,13853
1876,13854
1876,13855
1876,13856
1876,13857
1876,13858
1876,13859
1876,13860
1876,13861
1876,13862
1876,13863
1876,13864
1876,13865
1876,13866
1876,13867
1876,13868
1876,13869
1876,13870
1876,13871
1876,13872
1876,13873
1876,13874
1876,13875
1876,13876
1876,13877
1876,13878
1876,13879
1876,13880
1876,13881
1876,13882
1876,13883
1876,13884
1876,13885
1876,13886
1876,13887
1876,13888
1876,13889
1876,13890
1876,13891
1876,13892
1876,13893
1876,13894
1876,13895
1876,13896
1876,13897
1876,13898
1876,13899
1876,13900
1876,13901
1876,13902
1877,13834
1877,13835
1877,13836
1877,13837
1877,13838
1877,13839
1877,13840
1877,13841
1877,13842
1877,13843
1877,13844
1877,13845
1877,13846
1877,13847
1877,13848
1877,13849
1877,13850
1877,13851
1877,13852
1877,13853
1877,13854
1877,13855
1877,13856
1877,13857
1877,13858
1877,13859
1877,13860
1877,13861
1877,13862
1877,13863
1877,13864
1877,13865
1877,13866
1877,13867
1877,13868
1877,13869
1877,13870
1877,13871
1877,13872
1877,13873
1877,13874
1877,13875
1877,13876
1877,13877
1877,13878
1877,13879
1877,13880
1877,13881
1877,13882
1877,13883
1877,13884
1877,13885
1877,13886
1877,13887
1877,13888
1877,13889
1877,13890
1877,13891
1877,13892
1877,13893
1877,13894
1877,13895
1877,13896
1877,13897
1877,13898
1877,13899
1877,13900
1877,13901
1878,13831
1878,13833
1878,13834
1878,13835
1878,13836
1878,13837
1878,13838
1878,13839
1878,13840
1878,13841
1878,13842
1878,13843
1878,13844
1878,13845
1878,13846
1878,13847
1878,13848
1878,13849
1878,13850
1878,13851
1878,13852
1878,13853
1878,13854
1878,13855
1878,13856
1878,13857
1878,13858
1878,13859
1878,13860
1878,13861
1878,13862
1878,13863
1878,13864
1878,13865
1878,13866
1878,13867
1878,13868
1878,13869
1878,13870
1878,13871
1878,13872
1878,13873
1878,13874
1878,13875
1878,13876
1878,13877
1878,13878
1878,13879
1878,13880
1878,13881
1878,13882
1878,13883
1878,13884
1878,13885
1878,13886
1878,13887
1878,13888
1878,13889
1878,13890
1878,13891
1878,13892
1878,13893
1878,13894
1878,13895
1878,13896
1878,13897
1878,13898
1878,13899
1878,13900
1878,13901
1878,13902
1879,13827
1879,13828
1879,13829
1879,13830
1879,13831
1879,13832
1879,13833
1879,13834
1879,13835
1879,13836
1879,13837
1879,13838
1879,13839
1879,13840
1879,13841
1879,13842
1879,13843
1879,13844
1879,13845
1879,13846
1879,13847
1879,13848
1879,13849
1879,13850
1879,13851
1879,13852
1879,13853
1879,13854
1879,13855
1879,13856
1879,13857
1879,13858
1879,13859
1879,13860
1879,13861
1879,13862
1879,13863
1879,13864
1879,13865
1879,13866
1879,13867
1879,13868
1879,13869
1879,13870
1879,13871
1879,13872
1879,13873
1879,13874
1879,13875
1879,13876
1879,13877
1879,13878
1879,13879
1879,13880
1879,13881
1879,13882
1879,13883
1879,13884
1879,13885
1879,13886
1879,13887
1879,13888
1879,13889
1879,13890
1879,13891
1879,13892
1879,13893
1879,13894
1879,13895
1879,13896
1879,13897
1879,13898
1879,13899
1879,13900
1879,13901
1880,13825
1880,13826
1880,13827
1880,13828
1880,13829
1880,13830
1880,13831
1880,13832
1880,13833
1880,13834
1880,13835
1880,13836
1880,13837
1880,13838
1880,13839
1880,13840
1880,13841
1880,13842
1880,13843
1880,13844
1880,13845
1880,13846
1880,13847
1880,13848
1880,13849
1880,13850
1880,13851
1880,13852
1880,13853
1880,13854
1880,13855
1880,13856
1880,13857
1880,13858
1880,13859
1880,13860
1880,13861
1880,13862
1880,13863
1880,13864
1880,13865
1880,13866
1880,13867
1880,13868
1880,13869
1880,13870
1880,13871
1880,13872
1880,13873
1880,13874
1880,13875
1880,13876
1880,13877
1880,13878
1880,13879
1880,13880
1880,13881
1880,13882
1880,13883
1880,13884
1880,13885
1880,13886
1880,13887
1880,13888
1880,13889
1880,13890
1880,13891
1880,13892
1880,13893
1880,13894
1880,13895
1880,13896
1880,13897
1880,13898
1880,13899
1880,13900
1880,13901
1881,13824
1881,13825
1881,13826
1881,13827
1881,13828
1881,13829
1881,13830
1881,13831
1881,13832
1881,13833
1881,13834
1881,13835
1881,13836
1881,13837
1881,13838
1881,13839
1881,13840
1881,13841
1881,13842
1881,13843
1881,13844
1881,13845
1881,13846
1881,13847
1881,13848
1881,13849
1881,13850
1881,13851
1881,13852
1881,13853
1881,13854
1881,13855
1881,13856
1881,13857
1881,13858
1881,13859
1881,13860
1881,13861
1881,13862
1881,13863
1881,13864
1881,13865
1881,13866
1881,13867
1881,13868
1881,13869
1881,13870
1881,13871
1881,13872
1881,13873
1881,13874
1881,13875
1881,13876
1881,13877
1881,13878
1881,13879
1881,13880
1881,13881
1881,13882
1881,13883
1881,13884
1881,13885
1881,13886
1881,13887
1881,13888
1881,13889
1881,13890
1881,13891
1881,13892
1881,13893
1881,13894
1881,13895
1881,13896
1881,13897
1881,13898
1881,13899
1881,13900
1881,13901
1882,13823
1882,13824
1882,13825
1882,13826
1882,13827
1882,13828
1882,13829
1882,13830
1882,13831
1882,13832
1882,13833
1882,13834
1882,13835
1882,13836
1882,13837
1882,13838
1882,13839
1882,13840
1882,13841
1882,13842
1882,13843
1882,13844
1882,13845
1882,13846
1882,13847
1882,13848
1882,13849
1882,13850
1882,13851
1882,13852
1882,13853
1882,13854
1882,13855
1882,13856
1882,13857
1882,13858
1882,13859
1882,13860
1882,13861
1882,13862
1882,13863
1882,13864
1882,13865
1882,13866
1882,13867
1882,13868
1882,13869
1882,13870
1882,13871
1882,13872
1882,13873
1882,13874
1882,13875
1882,13876
1882,13877
1882,13878
1882,13879
1882,13880
1882,13881
1882,13882
1882,13883
1882,13884
1882,13885
1882,13886
1882,13887
1882,13888
1882,13889
1882,13890
1882,13891
1882,13892
1882,13893
1882,13894
1882,13895
1882,13896
1882,13897
1882,13898
1882,13899
1882,13900
1883,13822
1883,13823
1883,13824
1883,13825
1883,13826
1883,13827
1883,13828
1883,13829
1883,13830
1883,13831
1883,13832
1883,13833
1883,13834
1883,13835
1883,13836
1883,13837
1883,13838
1883,13839
1883,13840
1883,13841
1883,13842
1883,13843
1883,13844
1883,13845
1883,13846
1883,13847
1883,13848
1883,13849
1883,13850
1883,13851
1883,13852
1883,13853
1883,13854
1883,13855
1883,13856
1883,13857
1883,13858
1883,13859
1883,13860
1883,13861
1883,13862
1883,13863
1883,13864
1883,13865
1883,13866
1883,13867
1883,13868
1883,13869
1883,13870
1883,13871
1883,13872
1883,13873
1883,13874
1883,13875
1883,13876
1883,13877
1883,13878
1883,13879
1883,13880
1883,13881
1883,13882
1883,13883
1883,13884
1883,13885
1883,13886
1883,13887
1883,13888
1883,13889
1883,13890
1883,13891
1883,13892
1883,13893
1883,13894
1883,13895
1883,13896
1883,13897
1883,13898
1883,13899
1884,13822
1884,13823
1884,13824
1884,13825
1884,13826
1884,13827
1884,13828
1884,13829
1884,13830
1884,13831
1884,13832
1884,13833
1884,13834
1884,13835
1884,13836
1884,13837
1884,13838
1884,13839
1884,13840
1884,13841
1884,13842
1884,13843
1884,13844
1884,13845
1884,13846
1884,13847
1884,13848
1884,13849
1884,13850
1884,13851
1884,13852
1884,13853
1884,13854
1884,13855
1884,13856
1884,13857
1884,13858
1884,13859
1884,13860
1884,13861
1884,13862
1884,13863
1884,13864
1884,13865
1884,13866
1884,13867
1884,13868
1884,13869
1884,13870
1884,13871
1884,13872
1884,13873
1884,13874
1884,13875
1884,13876
1884,13877
1884,13878
1884,13879
1884,13880
1884,13881
1884,13882
1884,13883
1884,13884
1884,13885
1884,13886
1884,13887
1884,13888
1884,13889
1884,13890
1884,13891
1884,13892
1884,13893
1884,13894
1884,13895
1884,13896
1884,13897
1884,13898
1885,13822
1885,13823
1885,13824
1885,13825
1885,13826
1885,13827
1885,13828
1885,13829
1885,13830
1885,13831
1885,13832
1885,13833
1885,13834
1885,13835
1885,13836
1885,13837
1885,13838
1885,13839
1885,13840
1885,13841
1885,13842
1885,13843
1885,13844
1885,13845
1885,13846
1885,13847
1885,13848
1885,13849
1885,13850
1885,13851
1885,13852
1885,13853
1885,13854
1885,13855
1885,13856
1885,13857
1885,13858
1885,13859
1885,13860
1885,13861
1885,13862
1885,13863
1885,13864
1885,13865
1885,13866
1885,13867
1885,13868
1885,13869
1885,13870
1885,13871
1885,13872
1885,13873
1885,13874
1885,13875
1885,13876
1885,13877
1885,13878
1885,13879
1885,13880
1885,13881
1885,13882
1885,13883
1885,13884
1885,13885
1885,13887
1885,13888
1885,13889
1885,13890
1885,13891
1885,13892
1885,13893
1885,13894
1885,13895
1885,13896
1885,13897
1886,13821
1886,13822
1886,13823
1886,13824
1886,13825
1886,13826
1886,13827
1886,13828
1886,13829
1886,13830
1886,13831
1886,13832
1886,13833
1886,13834
1886,13835
1886,13836
1886,13837
1886,13838
1886,13839
1886,13840
1886,13841
1886,13842
1886,13843
1886,13844
1886,13845
1886,13846
1886,13847
1886,13848
1886,13849
1886,13850
1886,13851
1886,13852
1886,13853
1886,13854
1886,13855
1886,13856
1886,13857
1886,13858
1886,13859
1886,13860
1886,13861
1886,13862
1886,13863
1886,13864
1886,13865
1886,13866
1886,13867
1886,13868
1886,13869
1886,13870
1886,13871
1886,13872
1886,13873
1886,13874
1886,13875
1886,13876
1886,13877
1886,13878
1886,13879
1886,13880
1886,13881
1886,13882
1886,13883
1886,13884
1886,13891
1886,13892
1886,13893
1886,13894
1887,13820
1887,13821
1887,13822
1887,13823
1887,13824
1887,13825
1887,13826
1887,13827
1887,13828
1887,13829
1887,13830
1887,13831
1887,13832
1887,13833
1887,13834
1887,13835
1887,13836
1887,13837
1887,13838
1887,13839
1887,13840
1887,13841
1887,13842
1887,13843
1887,13844
1887,13845
1887,13846
1887,13847
1887,13848
1887,13849
1887,13850
1887,13851
1887,13852
1887,13853
1887,13854
1887,13855
1887,13856
1887,13857
1887,13858
1887,13859
1887,13860
1887,13861
1887,13862
1887,13863
1887,13864
1887,13865
1887,13866
1887,13867
1887,13868
1887,13869
1887,13870
1887,13871
1887,13872
1887,13873
1887,13874
1887,13875
1887,13876
1887,13877
1887,13878
1887,13879
1887,13880
1887,13881
1887,13882
1887,13883
1887,13884
1888,13819
1888,13820
1888,13821
1888,13822
1888,13823
1888,13824
1888,13825
1888,13826
1888,13827
1888,13828
1888,13829
1888,13830
1888,13831
1888,13832
1888,13833
1888,13834
1888,13835
1888,13836
1888,13837
1888,13838
1888,13839
1888,13840
1888,13841
1888,13842
1888,13843
1888,13844
1888,13845
1888,13846
1888,13847
1888,13848
1888,13849
1888,13850
1888,13851
1888,13852
1888,13853
1888,13854
1888,13855
1888,13856
1888,13857
1888,13858
1888,13859
1888,13860
1888,13861
1888,13862
1888,13863
1888,13864
1888,13865
1888,13866
1888,13867
1888,13868
1888,13869
1888,13870
1888,13871
1888,13872
1888,13873
1888,13874
1888,13875
1888,13876
1888,13877
1888,13878
1888,13879
1888,13880
1888,13881
1888,13882
1888,13883
1889,13819
1889,13820
1889,13821
1889,13822
1889,13823
1889,13824
1889,13825
1889,13826
1889,13827
1889,13828
1889,13829
1889,13830
1889,13831
1889,13832
1889,13833
1889,13834
1889,13835
1889,13836
1889,13837
1889,13838
1889,13839
1889,13840
1889,13841
1889,13842
1889,13843
1889,13844
1889,13845
1889,13846
1889,13847
1889,13848
1889,13849
1889,13850
1889,13851
1889,13852
1889,13853
1889,13854
1889,13855
1889,13856
1889,13857
1889,13858
1889,13859
1889,13860
1889,13861
1889,13862
1889,13863
1889,13864
1889,13865
1889,13866
1889,13867
1889,13868
1889,13869
1889,13870
1889,13871
1889,13872
1889,13873
1889,13874
1889,13875
1889,13876
1889,13877
1889,13878
1889,13879
1889,13880
1889,13881
1889,13882
1889,13883
1890,13818
1890,13819
1890,13820
1890,13821
1890,13822
1890,13823
1890,13824
1890,13825
1890,13826
1890,13827
1890,13828
1890,13829
1890,13830
1890,13831
1890,13832
1890,13833
1890,13834
1890,13835
1890,13836
1890,13837
1890,13838
1890,13839
1890,13840
1890,13841
1890,13842
1890,13843
1890,13844
1890,13845
1890,13846
1890,13847
1890,13848
1890,13849
1890,13850
1890,13851
1890,13852
1890,13853
1890,13854
1890,13855
1890,13856
1890,13857
1890,13858
1890,13859
1890,13860
1890,13861
1890,13862
1890,13863
1890,13864
1890,13865
1890,13866
1890,13867
1890,13868
1890,13869
1890,13870
1890,13871
1890,13872
1890,13873
1890,13874
1890,13875
1890,13876
1890,13877
1890,13878
1890,13879
1890,13880
1890,13881
1890,13882
1891,13818
1891,13819
1891,13820
1891,13821
1891,13822
1891,13823
1891,13824
1891,13825
1891,13826
1891,13827
1891,13828
1891,13829
1891,13830
1891,13831
1891,13832
1891,13833
1891,13834
1891,13835
1891,13836
1891,13837
1891,13838
1891,13839
1891,13840
1891,13841
1891,13842
1891,13843
1891,13844
1891,13845
1891,13846
1891,13847
1891,13848
1891,13849
1891,13850
1891,13851
1891,13852
1891,13853
1891,13854
1891,13855
1891,13856
1891,13857
1891,13858
1891,13859
1891,13860
1891,13861
1891,13862
1891,13863
1891,13864
1891,13865
1891,13866
1891,13867
1891,13868
1891,13869
1891,13870
1891,13871
1891,13872
1891,13873
1891,13874
1891,13875
1891,13876
1891,13877
1891,13878
1891,13879
1891,13880
1891,13881
1891,13882
1892,13818
1892,13819
1892,13820
1892,13821
1892,13822
1892,13823
1892,13824
1892,13825
1892,13826
1892,13827
1892,13828
1892,13829
1892,13830
1892,13831
1892,13832
1892,13833
1892,13834
1892,13835
1892,13836
1892,13837
1892,13838
1892,13839
1892,13840
1892,13841
1892,13842
1892,13843
1892,13844
1892,13845
1892,13846
1892,13847
1892,13848
1892,13849
1892,13850
1892,13851
1892,13852
1892,13853
1892,13854
1892,13855
1892,13856
1892,13857
1892,13858
1892,13859
1892,13860
1892,13861
1892,13862
1892,13863
1892,13864
1892,13865
1892,13866
1892,13867
1892,13868
1892,13869
1892,13870
1892,13871
1892,13872
1892,13873
1892,13874
1892,13875
1892,13876
1892,13877
1892,13878
1892,13879
1892,13880
1892,13881
1892,13882
1893,13817
1893,13818
1893,13819
1893,13820
1893,13821
1893,13822
1893,13823
1893,13824
1893,13825
1893,13826
1893,13827
1893,13828
1893,13829
1893,13830
1893,13831
1893,13832
1893,13833
1893,13834
1893,13835
1893,13836
1893,13837
1893,13838
1893,13839
1893,13840
1893,13841
1893,13842
1893,13843
1893,13844
1893,13845
1893,13846
1893,13847
1893,13848
1893,13849
1893,13850
1893,13851
1893,13852
1893,13853
1893,13854
1893,13855
1893,13856
1893,13857
1893,13858
1893,13859
1893,13860
1893,13861
1893,13862
1893,13863
1893,13864
1893,13865
1893,13866
1893,13867
1893,13868
1893,13869
1893,13870
1893,13871
1893,13872
1893,13873
1893,13874
1893,13875
1893,13876
1893,13877
1893,13878
1893,13879
1893,13880
1893,13881
1893,13882
1894,13817
1894,13818
1894,13819
1894,13820
1894,13821
1894,13822
1894,13823
1894,13824
1894,13825
1894,13826
1894,13827
1894,13828
1894,13829
1894,13830
1894,13831
1894,13832
1894,13833
1894,13834
1894,13835
1894,13836
1894,13837
1894,13838
1894,13839
1894,13840
1894,13841
1894,13842
1894,13843
1894,13844
1894,13845
1894,13846
1894,13847
1894,13848
1894,13849
1894,13850
1894,13851
1894,13852
1894,13853
1894,13854
1894,13855
1894,13856
1894,13857
1894,13858
1894,13859
1894,13860
1894,13861
1894,13862
1894,13863
1894,13864
1894,13865
1894,13866
1894,13867
1894,13868
1894,13869
1894,13870
1894,13871
1894,13872
1894,13873
1894,13874
1894,13875
1894,13876
1894,13877
1894,13878
1894,13879
1894,13880
1894,13881
1895,13818
1895,13819
1895,13820
1895,13821
1895,13822
1895,13823
1895,13824
1895,13825
1895,13826
1895,13827
1895,13828
1895,13829
1895,13830
1895,13831
1895,13832
1895,13833
1895,13834
1895,13835
1895,13836
1895,13837
1895,13838
1895,13839
1895,13840
1895,13841
1895,13842
1895,13843
1895,13844
1895,13845
1895,13846
1895,13847
1895,13848
1895,13849
1895,13850
1895,13851
1895,13852
1895,13853
1895,13854
1895,13855
1895,13856
1895,13857
1895,13858
1895,13859
1895,13860
1895,13861
1895,13862
1895,13863
1895,13864
1895,13865
1895,13866
1895,13867
1895,13868
1895,13869
1895,13870
1895,13871
1895,13872
1895,13873
1895,13874
1895,13875
1895,13876
1895,13877
1895,13878
1895,13879
1895,13880
1895,13881
1896,13817
1896,13818
1896,13819
1896,13820
1896,13821
1896,13822
1896,13823
1896,13824
1896,13825
1896,13826
1896,13827
1896,13828
1896,13829
1896,13830
1896,13831
1896,13832
1896,13833
1896,13834
1896,13835
1896,13836
1896,13837
1896,13838
1896,13839
1896,13840
1896,13841
1896,13842
1896,13843
1896,13844
1896,13845
1896,13846
1896,13847
1896,13848
1896,13849
1896,13850
1896,13851
1896,13852
1896,13853
1896,13854
1896,13855
1896,13856
1896,13857
1896,13858
1896,13859
1896,13860
1896,13861
1896,13862
1896,13863
1896,13864
1896,13865
1896,13866
1896,13867
1896,13868
1896,13869
1896,13870
1896,13871
1896,13872
1896,13873
1896,13874
1896,13875
1896,13876
1896,13877
1896,13878
1896,13879
1896,13880
1896,13881
1897,13817
1897,13818
1897,13819
1897,13820
1897,13821
1897,13822
1897,13823
1897,13824
1897,13825
1897,13826
1897,13827
1897,13828
1897,13829
1897,13830
1897,13831
1897,13832
1897,13833
1897,13834
1897,13835
1897,13836
1897,13837
1897,13838
1897,13839
1897,13840
1897,13841
1897,13842
1897,13843
1897,13844
1897,13845
1897,13846
1897,13847
1897,13848
1897,13849
1897,13850
1897,13851
1897,13852
1897,13853
1897,13854
1897,13855
1897,13856
1897,13857
1897,13858
1897,13859
1897,13860
1897,13861
1897,13862
1897,13863
1897,13864
1897,13865
1897,13866
1897,13867
1897,13868
1897,13869
1897,13870
1897,13871
1897,13872
1897,13873
1897,13874
1897,13875
1897,13876
1897,13877
1897,13878
1897,13879
1897,13880
1898,13816
1898,13817
1898,13818
1898,13819
1898,13820
1898,13821
1898,13822
1898,13823
1898,13824
1898,13825
1898,13826
1898,13827
1898,13828
1898,13829
1898,13830
1898,13831
1898,13832
1898,13833
1898,13834
1898,13835
1898,13836
1898,13837
1898,13838
1898,13839
1898,13840
1898,13841
1898,13842
1898,13843
1898,13844
1898,13845
1898,13846
1898,13847
1898,13848
1898,13849
1898,13850
1898,13851
1898,13852
1898,13853
1898,13854
1898,13855
1898,13856
1898,13857
1898,13858
1898,13859
1898,13860
1898,13861
1898,13862
1898,13863
1898,13864
1898,13865
1898,13866
1898,13867
1898,13868
1898,13869
1898,13870
1898,13871
1898,13872
1898,13873
1898,13874
1898,13875
1898,13876
1898,13877
1898,13878
1898,13879
1899,13816
1899,13817
1899,13818
1899,13819
1899,13820
1899,13821
1899,13822
1899,13823
1899,13824
1899,13825
1899,13826
1899,13827
1899,13828
1899,13829
1899,13830
1899,13831
1899,13832
1899,13833
1899,13834
1899,13835
1899,13836
1899,13837
1899,13838
1899,13839
1899,13840
1899,13841
1899,13842
1899,13843
1899,13844
1899,13845
1899,13846
1899,13847
1899,13848
1899,13849
1899,13850
1899,13851
1899,13852
1899,13853
1899,13854
1899,13855
1899,13856
1899,13857
1899,13858
1899,13859
1899,13860
1899,13861
1899,13862
1899,13863
1899,13864
1899,13865
1899,13866
1899,13867
1899,13868
1899,13869
1899,13870
1899,13871
1899,13872
1899,13873
1899,13874
1899,13875
1899,13876
1899,13877
1899,13878
1900,13816
1900,13817
1900,13818
1900,13819
1900,13820
1900,13821
1900,13822
1900,13823
1900,13824
1900,13825
1900,13826
1900,13827
1900,13828
1900,13829
1900,13830
1900,13831
1900,13832
1900,13833
1900,13834
1900,13835
1900,13836
1900,13837
1900,13838
1900,13839
1900,13840
1900,13841
1900,13842
1900,13843
1900,13844
1900,13845
1900,13846
1900,13847
1900,13848
1900,13849
1900,13850
1900,13851
1900,13852
1900,13853
1900,13854
1900,13855
1900,13856
1900,13857
1900,13858
1900,13859
1900,13860
1900,13861
1900,13862
1900,13863
1900,13864
1900,13865
1900,13866
1900,13867
1900,13868
1900,13869
1900,13870
1900,13871
1900,13872
1900,13873
1900,13874
1900,13875
1900,13876
1900,13877
1901,13815
1901,13816
1901,13817
1901,13818
1901,13819
1901,13820
1901,13821
1901,13822
1901,13823
1901,13824
1901,13825
1901,13826
1901,13827
1901,13828
1901,13829
1901,13830
1901,13831
1901,13832
1901,13833
1901,13834
1901,13835
1901,13836
1901,13837
1901,13838
1901,13839
1901,13840
1901,13841
1901,13842
1901,13843
1901,13844
1901,13845
1901,13846
1901,13847
1901,13848
1901,13849
1901,13850
1901,13851
1901,13852
1901,13853
1901,13854
1901,13855
1901,13856
1901,13857
1901,13858
1901,13859
1901,13860
1901,13861
1901,13862
1901,13863
1901,13864
1901,13865
1901,13866
1901,13867
1901,13868
1901,13869
1901,13870
1901,13871
1901,13872
1901,13873
1901,13874
1901,13875
1901,13876
1902,13816
1902,13817
1902,13818
1902,13819
1902,13820
1902,13821
1902,13822
1902,13823
1902,13824
1902,13825
1902,13826
1902,13827
1902,13828
1902,13829
1902,13830
1902,13831
1902,13832
1902,13833
1902,13834
1902,13835
1902,13836
1902,13837
1902,13838
1902,13839
1902,13840
1902,13841
1902,13842
1902,13843
1902,13844
1902,13845
1902,13846
1902,13847
1902,13848
1902,13849
1902,13850
1902,13851
1902,13852
1902,13853
1902,13854
1902,13855
1902,13856
1902,13857
1902,13858
1902,13859
1902,13860
1902,13861
1902,13862
1902,13863
1902,13864
1902,13865
1902,13866
1902,13867
1902,13868
1902,13869
1902,13870
1902,13871
1902,13872
1902,13873
1902,13874
1902,13875
1903,13816
1903,13817
1903,13818
1903,13819
1903,13820
1903,13821
1903,13822
1903,13823
1903,13824
1903,13825
1903,13826
1903,13827
1903,13828
1903,13829
1903,13830
1903,13831
1903,13832
1903,13833
1903,13834
1903,13835
1903,13836
1903,13837
1903,13838
1903,13839
1903,13840
1903,13841
1903,13842
1903,13843
1903,13844
1903,13845
1903,13846
1903,13847
1903,13848
1903,13849
1903,13850
1903,13851
1903,13852
1903,13853
1903,13854
1903,13855
1903,13856
1903,13857
1903,13858
1903,13859
1903,13860
1903,13861
1903,13862
1903,13863
1903,13864
1903,13865
1903,13866
1903,13867
1903,13868
1903,13869
1903,13870
1903,13871
1903,13872
1904,13816
1904,13817
1904,13818
1904,13819
1904,13820
1904,13821
1904,13822
1904,13823
1904,13824
1904,13825
1904,13826
1904,13827
1904,13828
1904,13829
1904,13830
1904,13831
1904,13832
1904,13833
1904,13834
1904,13835
1904,13836
1904,13837
1904,13838
1904,13839
1904,13840
1904,13841
1904,13842
1904,13843
1904,13844
1904,13845
1904,13846
1904,13847
1904,13848
1904,13849
1904,13850
1904,13851
1904,13852
1904,13853
1904,13854
1904,13855
1904,13856
1904,13857
1904,13858
1904,13859
1904,13860
1904,13861
1904,13862
1904,13863
1904,13864
1904,13865
1904,13866
1904,13867
1904,13868
1904,13869
1904,13870
1904,13871
1905,13817
1905,13818
1905,13819
1905,13820
1905,13821
1905,13822
1905,13823
1905,13824
1905,13825
1905,13826
1905,13827
1905,13828
1905,13829
1905,13830
1905,13831
1905,13832
1905,13833
1905,13834
1905,13835
1905,13836
1905,13837
1905,13838
1905,13839
1905,13840
1905,13841
1905,13842
1905,13843
1905,13844
1905,13845
1905,13846
1905,13847
1905,13848
1905,13849
1905,13850
1905,13851
1905,13852
1905,13853
1905,13854
1905,13855
1905,13856
1905,13857
1905,13858
1905,13859
1905,13860
1905,13861
1905,13862
1905,13863
1905,13864
1905,13865
1905,13866
1905,13867
1905,13868
1905,13869
1905,13870
1905,13871
1906,13818
1906,13819
1906,13820
1906,13821
1906,13822
1906,13823
1906,13824
1906,13825
1906,13826
1906,13827
1906,13828
1906,13829
1906,13830
1906,13831
1906,13832
1906,13833
1906,13834
1906,13835
1906,13836
1906,13837
1906,13838
1906,13839
1906,13840
1906,13841
1906,13842
1906,13843
1906,13844
1906,13845
1906,13846
1906,13847
1906,13848
1906,13849
1906,13850
1906,13851
1906,13852
1906,13853
1906,13854
1906,13855
1906,13856
1906,13857
1906,13858
1906,13859
1906,13860
1906,13861
1906,13862
1906,13863
1906,13864
1906,13865
1906,13866
1906,13867
1906,13868
1906,13869
1906,13870
1907,13819
1907,13820
1907,13821
1907,13822
1907,13823
1907,13824
1907,13825
1907,13826
1907,13827
1907,13828
1907,13829
1907,13830
1907,13831
1907,13832
1907,13833
1907,13834
1907,13835
1907,13836
1907,13837
1907,13838
1907,13839
1907,13840
1907,13841
1907,13842
1907,13843
1907,13844
1907,13845
1907,13846
1907,13847
1907,13848
1907,13849
1907,13850
1907,13851
1907,13852
1907,13853
1907,13854
1907,13855
1907,13856
1907,13857
1907,13858
1907,13859
1907,13860
1907,13861
1907,13862
1907,13863
1907,13864
1907,13865
1907,13866
1907,13867
1907,13868
1907,13869
1907,13870
1908,13820
1908,13821
1908,13822
1908,13823
1908,13824
1908,13825
1908,13826
1908,13827
1908,13828
1908,13829
1908,13830
1908,13831
1908,13832
1908,13833
1908,13834
1908,13835
1908,13836
1908,13837
1908,13838
1908,13839
1908,13840
1908,13841
1908,13842
1908,13843
1908,13844
1908,13845
1908,13846
1908,13847
1908,13848
1908,13849
1908,13850
1908,13851
1908,13852
1908,13853
1908,13854
1908,13855
1908,13856
1908,13857
1908,13858
1908,13859
1908,13860
1908,13861
1908,13862
1908,13863
1908,13864
1908,13865
1908,13866
1908,13867
1908,13868
1908,13869
1909,13823
1909,13826
1909,13827
1909,13828
1909,13829
1909,13830
1909,13831
1909,13832
1909,13833
1909,13834
1909,13835
1909,13836
1909,13837
1909,13838
1909,13839
1909,13840
1909,13841
1909,13842
1909,13843
1909,13844
1909,13845
1909,13846
1909,13847
1909,13848
1909,13849
1909,13850
1909,13851
1909,13852
1909,13853
1909,13854
1909,13855
1909,13856
1909,13857
1909,13858
1909,13859
1909,13860
1909,13861
1909,13862
1909,13863
1909,13864
1909,13865
1909,13866
1909,13867
1909,13868
1910,13825
1910,13826
1910,13827
1910,13828
1910,13829
1910,13830
1910,13831
1910,13832
1910,13833
1910,13834
1910,13835
1910,13836
1910,13837
1910,13838
1910,13839
1910,13840
1910,13841
1910,13842
1910,13843
1910,13844
1910,13845
1910,13846
1910,13847
1910,13848
1910,13849
1910,13850
1910,13851
1910,13852
1910,13853
1910,13854
1910,13855
1910,13856
1910,13857
1910,13858
1910,13859
1910,13860
1910,13861
1910,13862
1910,13863
1910,13864
1910,13865
1910,13866
1910,13867
1910,13868
1911,13825
1911,13826
1911,13827
1911,13828
1911,13829
1911,13830
1911,13831
1911,13832
1911,13833
1911,13834
1911,13835
1911,13836
1911,13837
1911,13838
1911,13839
1911,13840
1911,13841
1911,13842
1911,13843
1911,13844
1911,13845
1911,13846
1911,13847
1911,13848
1911,13849
1911,13850
1911,13851
1911,13852
1911,13853
1911,13854
1911,13855
1911,13856
1911,13857
1911,13858
1911,13859
1911,13860
1911,13861
1911,13862
1911,13863
1911,13864
1911,13865
1911,13866
1911,13867
1912,13825
1912,13826
1912,13827
1912,13828
1912,13829
1912,13830
1912,13831
1912,13832
1912,13833
1912,13834
1912,13835
1912,13836
1912,13837
1912,13838
1912,13839
1912,13840
1912,13841
1912,13842
1912,13843
1912,13844
1912,13845
1912,13846
1912,13847
1912,13848
1912,13849
1912,13850
1912,13851
1912,13852
1912,13853
1912,13854
1912,13855
1912,13856
1912,13857
1912,13858
1912,13859
1912,13860
1912,13861
1912,13862
1912,13863
1912,13864
1912,13865
1912,13866
1912,13867
1913,13825
1913,13826
1913,13827
1913,13828
1913,13829
1913,13830
1913,13831
1913,13832
1913,13833
1913,13834
1913,13835
1913,13836
1913,13837
1913,13838
1913,13839
1913,13840
1913,13841
1913,13842
1913,13843
1913,13844
1913,13845
1913,13846
1913,13847
1913,13848
1913,13849
1913,13850
1913,13851
1913,13852
1913,13853
1913,13854
1913,13855
1913,13856
1913,13857
1913,13858
1913,13859
1913,13860
1913,13861
1913,13862
1913,13863
1913,13864
1913,13865
1913,13866
1914,13826
1914,13827
1914,13828
1914,13829
1914,13830
1914,13831
1914,13832
1914,13833
1914,13834
1914,13835
1914,13836
1914,13837
1914,13838
1914,13839
1914,13840
1914,13841
1914,13842
1914,13843
1914,13844
1914,13845
1914,13846
1914,13847
1914,13848
1914,13849
1914,13850
1914,13851
1914,13852
1914,13853
1914,13854
1914,13855
1914,13856
1914,13857
1914,13858
1914,13859
1914,13860
1914,13861
1914,13862
1914,13863
1914,13864
1914,13865
