"X","Y","gene","mean_x","mean_y"
-17.2351760992908,34.4492365248227,"abgA-abgB-abgT-ogt",-165.402823900709,-1481.09243652482
-0.286126099290783,-1.17086347517738,"accB-accC",-165.402823900709,-1481.09243652482
-11.1415160992908,16.4320365248227,"pdhR-aceE-aceF-lpd",-165.402823900709,-1481.09243652482
1.19260390070923,-3.73576347517724,"pdhR-aceE-aceF-lpd",-165.402823900709,-1481.09243652482
0.271323900709234,-2.8858634751773,"pdhR-aceE-aceF-lpd",-165.402823900709,-1481.09243652482
-21.9094160992908,37.7214365248226,"pdhR-aceE-aceF-lpd",-165.402823900709,-1481.09243652482
0.36592390070922,1.83873652482271,"ackA-pta",-165.402823900709,-1481.09243652482
13.3071039007092,-25.1470634751772,"ackA-pta",-165.402823900709,-1481.09243652482
5.88655390070923,-10.1219634751774,"ackA-pta",-165.402823900709,-1481.09243652482
-1.49988609929079,3.80823652482263,"ackA-pta",-165.402823900709,-1481.09243652482
-2.71585609929079,-1.45136347517723,"ackA-pta",-165.402823900709,-1481.09243652482
20.5341139007092,-35.6894634751773,"ackA-pta",-165.402823900709,-1481.09243652482
-18.5708560992908,26.3785365248227,"acnB",-165.402823900709,-1481.09243652482
7.72501390070923,-23.2737634751772,"acnB",-165.402823900709,-1481.09243652482
-5.88321609929079,18.5051365248228,"acrA-acrB",-165.402823900709,-1481.09243652482
7.73854390070923,-16.7827634751773,"acrA-acrB",-165.402823900709,-1481.09243652482
-5.72147609929078,10.7069365248226,"alaS",-165.402823900709,-1481.09243652482
-7.14249609929078,7.49823652482269,"argS",-165.402823900709,-1481.09243652482
19.6904839007092,-37.3233634751773,"asnS",-165.402823900709,-1481.09243652482
15.6827139007092,-28.5972634751772,"asnS",-165.402823900709,-1481.09243652482
-7.39037609929079,12.0555365248226,"aspS",-165.402823900709,-1481.09243652482
-8.17955609929078,8.54503652482276,"aspS",-165.402823900709,-1481.09243652482
15.9980539007092,-31.8570634751773,"aspS",-165.402823900709,-1481.09243652482
9.08513390070922,-13.6997634751774,"atpI-atpB-atpE-atpF-atpH-atpA-atpG-atpD-atpC",-165.402823900709,-1481.09243652482
-22.6375160992908,33.1487365248227,"atpI-atpB-atpE-atpF-atpH-atpA-atpG-atpD-atpC",-165.402823900709,-1481.09243652482
5.45739390070923,-17.5414634751774,"dapA-bamC",-165.402823900709,-1481.09243652482
-12.2485160992908,17.2917365248227,"bipA",-165.402823900709,-1481.09243652482
-16.4781160992908,27.2228365248227,"bipA",-165.402823900709,-1481.09243652482
4.31312390070923,-3.83296347517739,"bipA",-165.402823900709,-1481.09243652482
19.8181939007092,-31.2400634751773,"bipA",-165.402823900709,-1481.09243652482
9.28275390070922,-18.1875634751773,"brnQ-proY",-165.402823900709,-1481.09243652482
-5.24515609929077,15.1727365248228,"clpB",-165.402823900709,-1481.09243652482
-7.61142609929078,18.1704365248227,"clpP-clpX-lon",-165.402823900709,-1481.09243652482
-6.05629609929079,18.1268365248227,"cydA-cydB",-165.402823900709,-1481.09243652482
8.50510390070923,-4.88486347517733,"cyoA-cyoB-cyoC-cyoD-cyoE",-165.402823900709,-1481.09243652482
3.40909390070922,-1.86696347517727,"cyoA-cyoB-cyoC-cyoD-cyoE",-165.402823900709,-1481.09243652482
8.86206390070922,-14.2401634751773,"cyoA-cyoB-cyoC-cyoD-cyoE",-165.402823900709,-1481.09243652482
7.82692390070923,-9.41606347517722,"cyoA-cyoB-cyoC-cyoD-cyoE",-165.402823900709,-1481.09243652482
-0.651846099290765,10.4369365248226,"dctA",-165.402823900709,-1481.09243652482
4.18897390070921,-7.76926347517724,"degQ-degS",-165.402823900709,-1481.09243652482
-5.01613609929078,14.6891365248227,"bamB-der",-165.402823900709,-1481.09243652482
6.40722390070923,-11.2681634751773,"dnaB",-165.402823900709,-1481.09243652482
1.97135390070923,-13.6133634751773,"dnaK-dnaJ",-165.402823900709,-1481.09243652482
-8.80872609929077,17.2837365248226,"dnaK-dnaJ",-165.402823900709,-1481.09243652482
12.0920339007092,-17.7603634751772,"dsdX-dsdA",-165.402823900709,-1481.09243652482
-18.6444960992908,30.1490365248226,"dtpA",-165.402823900709,-1481.09243652482
-21.0909060992908,30.4544365248228,"dusB-fis",-165.402823900709,-1481.09243652482
18.2805539007092,-26.9825634751774,"dusB-fis",-165.402823900709,-1481.09243652482
-7.17554609929078,25.6472365248226,"edd-eda",-165.402823900709,-1481.09243652482
0.288383900709221,-3.5103634751772,"efeO-efeB",-165.402823900709,-1481.09243652482
-3.80536609929078,13.5021365248226,"efeO-efeB",-165.402823900709,-1481.09243652482
20.8935639007092,-30.5905634751773,"pyrG-eno",-165.402823900709,-1481.09243652482
-0.333376099290774,1.32633652482264,"pyrG-eno",-165.402823900709,-1481.09243652482
19.6103139007092,-32.0041634751774,"eptC",-165.402823900709,-1481.09243652482
4.83576390070922,-10.6021634751773,"eutB-eutC-eutL-eutK-eutR",-165.402823900709,-1481.09243652482
6.23165390070923,-20.3429634751774,"fadL",-165.402823900709,-1481.09243652482
-21.6198760992908,34.0725365248227,"epd-pgk-fbaA",-165.402823900709,-1481.09243652482
-9.86634609929078,14.2594365248226,"fdoG-fdoH-fdoI-fdhE",-165.402823900709,-1481.09243652482
6.04022390070924,-22.2695634751774,"flgB-flgC-flgD-flgE-flgF-flgG-flgH-flgI-flgJ",-165.402823900709,-1481.09243652482
-7.47987609929078,15.4171365248226,"flgB-flgC-flgD-flgE-flgF-flgG-flgH-flgI-flgJ",-165.402823900709,-1481.09243652482
-10.5368860992908,23.3246365248226,"flgB-flgC-flgD-flgE-flgF-flgG-flgH-flgI-flgJ",-165.402823900709,-1481.09243652482
12.7755339007092,-24.7807634751773,"flgB-flgC-flgD-flgE-flgF-flgG-flgH-flgI-flgJ",-165.402823900709,-1481.09243652482
-11.5698160992908,23.4836365248227,"flgB-flgC-flgD-flgE-flgF-flgG-flgH-flgI-flgJ",-165.402823900709,-1481.09243652482
4.09482390070923,-13.6460634751772,"fliC-fliX",-165.402823900709,-1481.09243652482
20.1130139007092,-31.2121634751772,"fliC-fliX",-165.402823900709,-1481.09243652482
8.44170390070923,-14.2769634751774,"fliC-fliX",-165.402823900709,-1481.09243652482
2.89629390070922,-9.44556347517732,"fliC-fliX",-165.402823900709,-1481.09243652482
1.60173390070923,1.73123652482263,"fliC-fliX",-165.402823900709,-1481.09243652482
7.78712390070922,-21.5784634751774,"fliC-fliX",-165.402823900709,-1481.09243652482
0.834633900709235,-5.97396347517724,"fliC-fliX",-165.402823900709,-1481.09243652482
0.79966390070922,-1.99316347517743,"fliC-fliX",-165.402823900709,-1481.09243652482
2.18573390070921,-2.71796347517738,"fliC-fliX",-165.402823900709,-1481.09243652482
-21.7142560992908,36.1409365248228,"fliC-fliX",-165.402823900709,-1481.09243652482
19.8008239007092,-36.2201634751773,"fliC-fliX",-165.402823900709,-1481.09243652482
-17.4752160992908,27.7712365248226,"fliC-fliX",-165.402823900709,-1481.09243652482
-8.26174609929078,17.5876365248228,"fliC-fliX",-165.402823900709,-1481.09243652482
8.94199390070924,-25.8162634751773,"fliC-fliX",-165.402823900709,-1481.09243652482
4.89028390070922,-14.0268634751774,"fliC-fliX",-165.402823900709,-1481.09243652482
10.3040239007092,-24.9124634751772,"fliC-fliX",-165.402823900709,-1481.09243652482
-17.8986760992908,36.2550365248228,"fliC-fliX",-165.402823900709,-1481.09243652482
-19.5672060992908,34.9060365248226,"fliC-fliX",-165.402823900709,-1481.09243652482
-16.5907760992908,24.6023365248227,"fliC-fliX",-165.402823900709,-1481.09243652482
2.83403390070922,-0.804763475177424,"fliC-fliX",-165.402823900709,-1481.09243652482
-8.40727609929078,8.1027365248226,"fliC-fliX",-165.402823900709,-1481.09243652482
-21.9304560992908,37.6841365248226,"fliC-fliX",-165.402823900709,-1481.09243652482
20.3899439007092,-28.8905634751773,"fliC-fliX",-165.402823900709,-1481.09243652482
-20.2962460992908,31.2462365248227,"fliC-fliX",-165.402823900709,-1481.09243652482
-11.0282760992908,22.9747365248227,"fliC-fliX",-165.402823900709,-1481.09243652482
10.2037539007092,-22.5298634751773,"fliC-fliX",-165.402823900709,-1481.09243652482
-3.18946609929077,0.1942365248226,"fliC-fliX",-165.402823900709,-1481.09243652482
-13.9811060992908,20.8907365248226,"fliD-fliS-fliT",-165.402823900709,-1481.09243652482
7.30419390070921,-18.5417634751773,"fliD-fliS-fliT",-165.402823900709,-1481.09243652482
4.57856390070921,-3.64076347517721,"gapA-yeaD",-165.402823900709,-1481.09243652482
-9.67562609929078,10.3476365248227,"gatY-gatZ-gatA-gatB-gatC-gatD",-165.402823900709,-1481.09243652482
-22.2902560992908,30.7198365248228,"gcd",-165.402823900709,-1481.09243652482
-12.7461360992908,13.6868365248226,"glnA-glnL-glnG",-165.402823900709,-1481.09243652482
-7.25681609929077,12.6589365248226,"glnH-glnP-glnQ",-165.402823900709,-1481.09243652482
-0.237696099290787,2.31083652482266,"glnS",-165.402823900709,-1481.09243652482
-1.57512609929077,8.41193652482275,"glpD",-165.402823900709,-1481.09243652482
4.72364390070922,-8.94916347517733,"glyA",-165.402823900709,-1481.09243652482
-15.7089160992908,19.3376365248228,"gnd",-165.402823900709,-1481.09243652482
7.86019390070922,-22.3302634751774,"gnd",-165.402823900709,-1481.09243652482
8.28488390070922,-23.4589634751774,"gyrA",-165.402823900709,-1481.09243652482
6.80527390070921,-13.8371634751772,"gyrB",-165.402823900709,-1481.09243652482
-7.73491609929079,14.8287365248227,"hemL",-165.402823900709,-1481.09243652482
5.07769390070922,-2.74976347517736,"hrpB",-165.402823900709,-1481.09243652482
11.0034739007092,-17.1944634751774,"icd",-165.402823900709,-1481.09243652482
10.4139339007092,-14.7924634751773,"iscR-iscS-iscU-iscA",-165.402823900709,-1481.09243652482
1.30042390070923,-7.32756347517739,"iscR-iscS-iscU-iscA",-165.402823900709,-1481.09243652482
-19.2883760992908,37.3983365248228,"hscB-hscA-fdx-iscX",-165.402823900709,-1481.09243652482
-8.56224609929077,9.33763652482276,"katG",-165.402823900709,-1481.09243652482
-15.7471060992908,32.7888365248227,"yrbG-kdsD-kdsC-lptC-lptA-lptB-rpoN-hpf-ptsN-rapZ-npr",-165.402823900709,-1481.09243652482
-4.90763609929078,12.0332365248228,"lepA-lepB",-165.402823900709,-1481.09243652482
-17.2385360992908,24.7892365248226,"xerD-dsbC-recJ-prfB-lysS",-165.402823900709,-1481.09243652482
8.20592390070922,-10.5071634751773,"maeA",-165.402823900709,-1481.09243652482
25.5083239007092,-37.7456634751773,"maeA",-165.402823900709,-1481.09243652482
20.6399439007092,-32.7437634751773,"metG",-165.402823900709,-1481.09243652482
8.00492390070923,-23.6837634751773,"mglB-mglA-mglC",-165.402823900709,-1481.09243652482
9.32537390070922,-24.3937634751774,"mlaF-mlaE-mlaD-mlaC-mlaB",-165.402823900709,-1481.09243652482
4.32187390070922,-6.69816347517735,"mppA",-165.402823900709,-1481.09243652482
20.8079239007092,-30.5503634751774,"mraZ-rsmH-ftsL-ftsI-murE-murF-mraY-murD-ftsW-murG-murC-ddlB-ftsQ-ftsA-ftsZ-lpxC",-165.402823900709,-1481.09243652482
0.776223900709226,-5.11676347517732,"mraZ-rsmH-ftsL-ftsI-murE-murF-mraY-murD-ftsW-murG-murC-ddlB-ftsQ-ftsA-ftsZ-lpxC",-165.402823900709,-1481.09243652482
22.6759439007092,-29.6808634751774,"mrcA",-165.402823900709,-1481.09243652482
-21.4570260992908,32.1483365248228,"mrcA",-165.402823900709,-1481.09243652482
-1.26503609929077,6.22533652482275,"mrcA",-165.402823900709,-1481.09243652482
-5.26715609929079,16.4346365248227,"ibaG-murA",-165.402823900709,-1481.09243652482
21.7044139007092,-34.4242634751772,"mutS",-165.402823900709,-1481.09243652482
5.63522390070924,-8.0262634751773,"ndh",-165.402823900709,-1481.09243652482
-3.97197609929077,-2.52386347517722,"nhaA-nhaR",-165.402823900709,-1481.09243652482
-4.47655609929078,17.5388365248227,"nrdA-nrdB-yfaE",-165.402823900709,-1481.09243652482
-22.0323860992908,36.0179365248227,"nrdA-nrdB-yfaE",-165.402823900709,-1481.09243652482
11.8183039007092,-21.8123634751773,"nrdA-nrdB-yfaE",-165.402823900709,-1481.09243652482
-9.50409609929079,21.2328365248227,"ompA",-165.402823900709,-1481.09243652482
-16.7287960992908,34.4305365248226,"ompA",-165.402823900709,-1481.09243652482
8.68665390070922,-17.6366634751773,"ompA",-165.402823900709,-1481.09243652482
4.86942390070922,-15.4816634751774,"ompA",-165.402823900709,-1481.09243652482
-0.221356099290773,-6.70196347517731,"ompA",-165.402823900709,-1481.09243652482
-4.87007609929077,18.2638365248226,"ompA",-165.402823900709,-1481.09243652482
20.0313439007092,-28.2808634751773,"ompA",-165.402823900709,-1481.09243652482
4.80092390070922,-20.1961634751774,"ompA",-165.402823900709,-1481.09243652482
0.924673900709223,-10.0474634751772,"ompA",-165.402823900709,-1481.09243652482
-18.1305960992908,24.4149365248227,"ompA",-165.402823900709,-1481.09243652482
-8.59255609929079,21.3871365248226,"ompA",-165.402823900709,-1481.09243652482
-2.81435609929079,9.5978365248227,"ompA",-165.402823900709,-1481.09243652482
-1.68672609929078,-0.450163475177305,"ompA",-165.402823900709,-1481.09243652482
-8.56587609929079,14.3047365248226,"ompA",-165.402823900709,-1481.09243652482
-17.3555060992908,33.3251365248227,"ompA",-165.402823900709,-1481.09243652482
16.0852739007092,-22.5620634751774,"ompC",-165.402823900709,-1481.09243652482
20.4237239007092,-37.2812634751774,"ompC",-165.402823900709,-1481.09243652482
23.1592739007092,-35.6175634751773,"ompC",-165.402823900709,-1481.09243652482
-1.39679609929078,-3.33326347517732,"ompC",-165.402823900709,-1481.09243652482
1.52008390070921,-2.40626347517741,"ompC",-165.402823900709,-1481.09243652482
12.4157939007092,-25.2129634751773,"ompF",-165.402823900709,-1481.09243652482
-9.72801609929078,16.2268365248226,"ompF",-165.402823900709,-1481.09243652482
8.20252390070922,-10.5967634751773,"yhfG-fic-pabA",-165.402823900709,-1481.09243652482
8.41945390070921,-25.6145634751774,"yhfG-fic-pabA",-165.402823900709,-1481.09243652482
18.6554339007092,-37.6989634751774,"yhfG-fic-pabA",-165.402823900709,-1481.09243652482
-0.649326099290789,4.80323652482275,"yhfG-fic-pabA",-165.402823900709,-1481.09243652482
-9.55986609929079,32.6188365248227,"yhfG-fic-pabA",-165.402823900709,-1481.09243652482
-18.9054360992908,31.2731365248226,"yhfG-fic-pabA",-165.402823900709,-1481.09243652482
4.86595390070923,-5.43946347517726,"pepA",-165.402823900709,-1481.09243652482
4.54500390070922,-9.2726634751773,"pepT",-165.402823900709,-1481.09243652482
-2.15036609929078,5.48003652482271,"focA-pflB",-165.402823900709,-1481.09243652482
-13.3425060992908,19.6727365248228,"focA-pflB",-165.402823900709,-1481.09243652482
4.53488390070922,-14.2622634751774,"focA-pflB",-165.402823900709,-1481.09243652482
14.2220839007092,-29.6602634751773,"pitA",-165.402823900709,-1481.09243652482
17.9530739007092,-35.4648634751773,"plaP",-165.402823900709,-1481.09243652482
20.2289839007092,-33.4328634751773,"plaP",-165.402823900709,-1481.09243652482
-4.04984609929079,6.9927365248227,"pntA-pntB",-165.402823900709,-1481.09243652482
1.47142390070923,-8.4488634751774,"potA-potB-potC-potD",-165.402823900709,-1481.09243652482
15.0949239007092,-24.8404634751773,"ppnN",-165.402823900709,-1481.09243652482
-20.1285760992908,37.2917365248227,"proS",-165.402823900709,-1481.09243652482
-21.7727260992908,32.0602365248226,"proS",-165.402823900709,-1481.09243652482
6.79666390070923,-15.9862634751773,"lolB-ispE-prs",-165.402823900709,-1481.09243652482
10.3482439007092,-11.9234634751774,"rppH-ptsP",-165.402823900709,-1481.09243652482
9.30188390070921,-18.7545634751773,"purA",-165.402823900709,-1481.09243652482
-8.91427609929079,24.9297365248226,"purA",-165.402823900709,-1481.09243652482
-16.2126860992908,24.6249365248227,"purA",-165.402823900709,-1481.09243652482
-5.69661609929076,16.6661365248226,"purA",-165.402823900709,-1481.09243652482
-17.5871660992908,26.5238365248226,"rbsD-rbsA-rbsC-rbsB-rbsK-rbsR",-165.402823900709,-1481.09243652482
12.5179039007092,-20.9897634751774,"rfaD-waaF-waaC-waaL",-165.402823900709,-1481.09243652482
-16.2299160992908,30.9253365248228,"rfaD-waaF-waaC-waaL",-165.402823900709,-1481.09243652482
16.8346939007092,-35.3764634751774,"rfaD-waaF-waaC-waaL",-165.402823900709,-1481.09243652482
-15.9384960992908,31.1998365248228,"rhlB",-165.402823900709,-1481.09243652482
-22.4496060992908,35.4145365248228,"rhoL-rho",-165.402823900709,-1481.09243652482
15.2993039007092,-24.5111634751772,"rhoL-rho",-165.402823900709,-1481.09243652482
-21.2113560992908,28.8798365248226,"rhoL-rho",-165.402823900709,-1481.09243652482
10.7991839007092,-26.3069634751773,"rlmI",-165.402823900709,-1481.09243652482
3.39839390070921,-3.6507634751772,"rlmN",-165.402823900709,-1481.09243652482
-21.2198560992908,38.0243365248227,"rapA-rluA",-165.402823900709,-1481.09243652482
7.88390390070921,-13.3800634751774,"rapA-rluA",-165.402823900709,-1481.09243652482
-3.65450609929078,11.1758365248227,"thrS-infC-rpmI-rplT-pheM-pheS-pheT-ihfA",-165.402823900709,-1481.09243652482
-10.9883760992908,26.6164365248226,"thrS-infC-rpmI-rplT-pheM-pheS-pheT-ihfA",-165.402823900709,-1481.09243652482
6.09987390070921,-19.2310634751773,"nlpD-rpoS",-165.402823900709,-1481.09243652482
-3.18163609929078,-0.539863475177299,"rpoZ-spoT-trmH-recG",-165.402823900709,-1481.09243652482
-6.39767609929078,9.15373652482276,"cmk-rpsA-ihfB",-165.402823900709,-1481.09243652482
0.354123900709226,-6.93676347517726,"cmk-rpsA-ihfB",-165.402823900709,-1481.09243652482
2.34592390070921,1.27143652482278,"cmk-rpsA-ihfB",-165.402823900709,-1481.09243652482
21.3301039007092,-35.3655634751774,"cmk-rpsA-ihfB",-165.402823900709,-1481.09243652482
24.6800139007092,-32.7304634751772,"cmk-rpsA-ihfB",-165.402823900709,-1481.09243652482
22.1803239007092,-31.8871634751772,"cmk-rpsA-ihfB",-165.402823900709,-1481.09243652482
18.4466339007092,-30.0783634751774,"cmk-rpsA-ihfB",-165.402823900709,-1481.09243652482
-23.2114360992908,34.8588365248227,"cmk-rpsA-ihfB",-165.402823900709,-1481.09243652482
-5.93073609929078,6.60633652482261,"cmk-rpsA-ihfB",-165.402823900709,-1481.09243652482
-13.4729260992908,19.1721365248227,"cmk-rpsA-ihfB",-165.402823900709,-1481.09243652482
-3.08637609929079,18.6129365248228,"cmk-rpsA-ihfB",-165.402823900709,-1481.09243652482
0.813823900709224,-4.20246347517741,"cmk-rpsA-ihfB",-165.402823900709,-1481.09243652482
-0.512196099290776,-2.47186347517732,"cmk-rpsA-ihfB",-165.402823900709,-1481.09243652482
-17.7318360992908,32.8395365248227,"cmk-rpsA-ihfB",-165.402823900709,-1481.09243652482
-10.9678260992908,20.9031365248227,"cmk-rpsA-ihfB",-165.402823900709,-1481.09243652482
4.40944390070922,-11.0746634751772,"cmk-rpsA-ihfB",-165.402823900709,-1481.09243652482
6.01807390070923,-6.9478634751772,"cmk-rpsA-ihfB",-165.402823900709,-1481.09243652482
5.19901390070922,-8.01716347517731,"cmk-rpsA-ihfB",-165.402823900709,-1481.09243652482
-22.8353460992908,33.5945365248226,"cmk-rpsA-ihfB",-165.402823900709,-1481.09243652482
18.8120939007092,-29.6775634751773,"rssA-rssB",-165.402823900709,-1481.09243652482
-12.2322360992908,25.1311365248228,"nudB-yebC-ruvC",-165.402823900709,-1481.09243652482
22.5168639007092,-33.4596634751774,"nudB-yebC-ruvC",-165.402823900709,-1481.09243652482
20.1299939007092,-34.1011634751774,"nudB-yebC-ruvC",-165.402823900709,-1481.09243652482
17.4796339007092,-27.1864634751773,"sdaC-sdaB",-165.402823900709,-1481.09243652482
-13.6610160992908,21.8304365248227,"selA-selB",-165.402823900709,-1481.09243652482
1.10759390070922,-1.09016347517741,"seqA-pgm",-165.402823900709,-1481.09243652482
-3.03195609929077,7.89383652482275,"serS",-165.402823900709,-1481.09243652482
13.9393239007092,-29.3800634751774,"speA-speB",-165.402823900709,-1481.09243652482
-13.7512560992908,22.8081365248227,"yacC-speE-speD",-165.402823900709,-1481.09243652482
22.4044839007092,-32.9777634751774,"yacC-speE-speD",-165.402823900709,-1481.09243652482
18.6950439007092,-29.8383634751774,"sspA-sspB",-165.402823900709,-1481.09243652482
4.32944390070924,-18.0365634751772,"sspA-sspB",-165.402823900709,-1481.09243652482
19.2093539007092,-30.0877634751773,"kbl-tdh",-165.402823900709,-1481.09243652482
-4.09757609929079,20.7295365248226,"tff-rpsB-tsf",-165.402823900709,-1481.09243652482
21.7732139007092,-32.5641634751773,"tff-rpsB-tsf",-165.402823900709,-1481.09243652482
19.8454039007092,-33.5258634751774,"tff-rpsB-tsf",-165.402823900709,-1481.09243652482
12.8058739007092,-19.8742634751773,"tff-rpsB-tsf",-165.402823900709,-1481.09243652482
-15.4600560992908,31.8877365248227,"tff-rpsB-tsf",-165.402823900709,-1481.09243652482
-6.77138609929077,13.0582365248226,"tff-rpsB-tsf",-165.402823900709,-1481.09243652482
9.35697390070922,-6.67566347517732,"tff-rpsB-tsf",-165.402823900709,-1481.09243652482
11.4516039007092,-16.9396634751772,"tff-rpsB-tsf",-165.402823900709,-1481.09243652482
16.4152439007092,-23.9135634751774,"tff-rpsB-tsf",-165.402823900709,-1481.09243652482
-20.2624860992908,33.5048365248226,"tff-rpsB-tsf",-165.402823900709,-1481.09243652482
16.3113739007092,-25.4994634751772,"tff-rpsB-tsf",-165.402823900709,-1481.09243652482
-4.27861609929079,6.49643652482268,"tff-rpsB-tsf",-165.402823900709,-1481.09243652482
-2.54611609929077,13.0480365248227,"tff-rpsB-tsf",-165.402823900709,-1481.09243652482
2.53242390070923,-11.6563634751774,"tff-rpsB-tsf",-165.402823900709,-1481.09243652482
-16.3974060992908,32.1803365248227,"tff-rpsB-tsf",-165.402823900709,-1481.09243652482
-2.05223609929078,-1.23506347517741,"thiI",-165.402823900709,-1481.09243652482
0.219333900709216,-3.94716347517738,"tig",-165.402823900709,-1481.09243652482
-4.80917609929077,14.2948365248226,"tig",-165.402823900709,-1481.09243652482
22.6698839007092,-32.3937634751774,"tig",-165.402823900709,-1481.09243652482
-10.7198760992908,20.5442365248227,"tig",-165.402823900709,-1481.09243652482
2.61739390070923,-8.03086347517728,"tig",-165.402823900709,-1481.09243652482
-10.1887460992908,17.5516365248227,"tig",-165.402823900709,-1481.09243652482
-3.54650609929078,6.35913652482259,"tig",-165.402823900709,-1481.09243652482
-3.24913609929078,5.12693652482267,"tktA",-165.402823900709,-1481.09243652482
-9.98711609929077,18.1444365248226,"tktA",-165.402823900709,-1481.09243652482
17.1173939007092,-31.4252634751774,"tktA",-165.402823900709,-1481.09243652482
-3.06282609929079,8.00793652482275,"tnaC-tnaA-tnaB",-165.402823900709,-1481.09243652482
-2.95114609929078,9.92253652482259,"topA",-165.402823900709,-1481.09243652482
-21.2307560992908,32.0157365248226,"trhP",-165.402823900709,-1481.09243652482
-16.3430060992908,37.0164365248227,"tsr",-165.402823900709,-1481.09243652482
1.32982390070921,2.11733652482258,"tsr",-165.402823900709,-1481.09243652482
6.68087390070923,-9.0108634751773,"tsr",-165.402823900709,-1481.09243652482
3.64420390070921,-2.85076347517725,"tsr",-165.402823900709,-1481.09243652482
-22.3762260992908,39.7366365248226,"tsr",-165.402823900709,-1481.09243652482
12.0244339007092,-19.7145634751773,"tsr",-165.402823900709,-1481.09243652482
-14.8163360992908,33.4681365248227,"tsr",-165.402823900709,-1481.09243652482
0.438953900709237,-4.5755634751772,"tsr",-165.402823900709,-1481.09243652482
9.16173390070921,-10.7029634751773,"tsr",-165.402823900709,-1481.09243652482
-0.0415460992907697,-6.74806347517733,"tsr",-165.402823900709,-1481.09243652482
0.867213900709231,5.91113652482272,"tsr",-165.402823900709,-1481.09243652482
4.30559390070923,-10.1946634751773,"ubiC-ubiA",-165.402823900709,-1481.09243652482
-14.9089860992908,23.5643365248227,"holC-valS",-165.402823900709,-1481.09243652482
-20.8724460992908,34.2986365248228,"wza-wzb-wzc-wcaA-wcaB",-165.402823900709,-1481.09243652482
5.36794390070924,-11.8127634751772,"hcp-hcr-poxB-ltaE-ybjT",-165.402823900709,-1481.09243652482
0.397303900709232,2.96613652482279,"ycaO",-165.402823900709,-1481.09243652482
2.71085390070922,-3.36406347517732,"ycbZ",-165.402823900709,-1481.09243652482
3.39051390070921,-4.48466347517729,"ycbZ",-165.402823900709,-1481.09243652482
6.95301390070921,-7.03156347517734,"pth-ychF",-165.402823900709,-1481.09243652482
-15.9188160992908,24.8334365248227,"pth-ychF",-165.402823900709,-1481.09243652482
7.38373390070922,-18.7398634751773,"ygfK-ssnA",-165.402823900709,-1481.09243652482
3.69426390070922,-2.21606347517741,"ygfT-ygfS",-165.402823900709,-1481.09243652482
-20.2742060992908,35.1003365248228,"yggS-yggT-yggU-rdgB-hemW",-165.402823900709,-1481.09243652482
-19.0343260992908,25.6359365248227,"ygiQ",-165.402823900709,-1481.09243652482
5.06728390070921,-4.29396347517741,"zwf",-165.402823900709,-1481.09243652482
