"X_rot","Y_rot","gene","theta","mean_x","mean_y","R11","R12","R21","R22"
31.1630668506121,0.1034173028196,"accB-accC",2.13944715582058,-980.14938048433,-1416.02089116809,-0.538495689583762,0.842628264598161,-0.842628264598161,-0.538495689583762
-25.6197141867616,2.7448938883051,"accB-accC",2.13944715582058,-980.14938048433,-1416.02089116809,-0.538495689583762,0.842628264598161,-0.842628264598161,-0.538495689583762
20.0197626920565,-0.704505682319734,"accB-accC",2.13944715582058,-980.14938048433,-1416.02089116809,-0.538495689583762,0.842628264598161,-0.842628264598161,-0.538495689583762
31.8005728729385,1.14498663032385,"accB-accC",2.13944715582058,-980.14938048433,-1416.02089116809,-0.538495689583762,0.842628264598161,-0.842628264598161,-0.538495689583762
6.43655909007761,-5.58103734193051,"accB-accC",2.13944715582058,-980.14938048433,-1416.02089116809,-0.538495689583762,0.842628264598161,-0.842628264598161,-0.538495689583762
-11.3803357865424,-5.02062284758389,"accB-accC",2.13944715582058,-980.14938048433,-1416.02089116809,-0.538495689583762,0.842628264598161,-0.842628264598161,-0.538495689583762
-43.0779361036978,6.18319209379978,"accB-accC",2.13944715582058,-980.14938048433,-1416.02089116809,-0.538495689583762,0.842628264598161,-0.842628264598161,-0.538495689583762
-43.6817451899336,7.88016648968171,"pdhR-aceE-aceF-lpd",2.13944715582058,-980.14938048433,-1416.02089116809,-0.538495689583762,0.842628264598161,-0.842628264598161,-0.538495689583762
5.97111560295689,-4.28984007586421,"pdhR-aceE-aceF-lpd",2.13944715582058,-980.14938048433,-1416.02089116809,-0.538495689583762,0.842628264598161,-0.842628264598161,-0.538495689583762
14.3179747640098,-0.831503294816385,"pdhR-aceE-aceF-lpd",2.13944715582058,-980.14938048433,-1416.02089116809,-0.538495689583762,0.842628264598161,-0.842628264598161,-0.538495689583762
22.074438223608,-3.34105849044708,"pdhR-aceE-aceF-lpd",2.13944715582058,-980.14938048433,-1416.02089116809,-0.538495689583762,0.842628264598161,-0.842628264598161,-0.538495689583762
-14.0992992136524,-5.31120165279665,"pdhR-aceE-aceF-lpd",2.13944715582058,-980.14938048433,-1416.02089116809,-0.538495689583762,0.842628264598161,-0.842628264598161,-0.538495689583762
28.7228063010287,-0.225707916734094,"pdhR-aceE-aceF-lpd",2.13944715582058,-980.14938048433,-1416.02089116809,-0.538495689583762,0.842628264598161,-0.842628264598161,-0.538495689583762
25.7518601391789,-2.3341801487992,"ackA-pta",2.13944715582058,-980.14938048433,-1416.02089116809,-0.538495689583762,0.842628264598161,-0.842628264598161,-0.538495689583762
19.3784862968352,0.029655039138426,"ackA-pta",2.13944715582058,-980.14938048433,-1416.02089116809,-0.538495689583762,0.842628264598161,-0.842628264598161,-0.538495689583762
13.5501631628159,-0.72134411602412,"ackA-pta",2.13944715582058,-980.14938048433,-1416.02089116809,-0.538495689583762,0.842628264598161,-0.842628264598161,-0.538495689583762
-27.4971258944148,3.04469170278478,"ackA-pta",2.13944715582058,-980.14938048433,-1416.02089116809,-0.538495689583762,0.842628264598161,-0.842628264598161,-0.538495689583762
16.0039369900291,2.12272541204365,"acnB",2.13944715582058,-980.14938048433,-1416.02089116809,-0.538495689583762,0.842628264598161,-0.842628264598161,-0.538495689583762
12.6923405320496,-7.80575661641861,"acnB",2.13944715582058,-980.14938048433,-1416.02089116809,-0.538495689583762,0.842628264598161,-0.842628264598161,-0.538495689583762
27.9850915588329,4.56278112206999,"agp",2.13944715582058,-980.14938048433,-1416.02089116809,-0.538495689583762,0.842628264598161,-0.842628264598161,-0.538495689583762
40.2867032821994,3.24835228731672,"alaS",2.13944715582058,-980.14938048433,-1416.02089116809,-0.538495689583762,0.842628264598161,-0.842628264598161,-0.538495689583762
-12.2082226108026,-1.58029974412172,"aldA",2.13944715582058,-980.14938048433,-1416.02089116809,-0.538495689583762,0.842628264598161,-0.842628264598161,-0.538495689583762
-38.1834335341408,3.7604172805947,"lptD-surA-pdxA-rsmA-apaG-apaH",2.13944715582058,-980.14938048433,-1416.02089116809,-0.538495689583762,0.842628264598161,-0.842628264598161,-0.538495689583762
-23.9223750653943,-4.08241068040846,"argS",2.13944715582058,-980.14938048433,-1416.02089116809,-0.538495689583762,0.842628264598161,-0.842628264598161,-0.538495689583762
2.67645669577551,-4.94030529624864,"argS",2.13944715582058,-980.14938048433,-1416.02089116809,-0.538495689583762,0.842628264598161,-0.842628264598161,-0.538495689583762
-36.9171582984645,7.57920235932245,"asnS",2.13944715582058,-980.14938048433,-1416.02089116809,-0.538495689583762,0.842628264598161,-0.842628264598161,-0.538495689583762
-29.9470368612029,1.31679630016035,"atpI-atpB-atpE-atpF-atpH-atpA-atpG-atpD-atpC",2.13944715582058,-980.14938048433,-1416.02089116809,-0.538495689583762,0.842628264598161,-0.842628264598161,-0.538495689583762
41.670444628457,1.09732219895044,"atpI-atpB-atpE-atpF-atpH-atpA-atpG-atpD-atpC",2.13944715582058,-980.14938048433,-1416.02089116809,-0.538495689583762,0.842628264598161,-0.842628264598161,-0.538495689583762
21.2884537488616,-2.96128336875301,"atpI-atpB-atpE-atpF-atpH-atpA-atpG-atpD-atpC",2.13944715582058,-980.14938048433,-1416.02089116809,-0.538495689583762,0.842628264598161,-0.842628264598161,-0.538495689583762
-8.0752083420805,-4.07429437614044,"atpI-atpB-atpE-atpF-atpH-atpA-atpG-atpD-atpC",2.13944715582058,-980.14938048433,-1416.02089116809,-0.538495689583762,0.842628264598161,-0.842628264598161,-0.538495689583762
27.85029826015,3.39827664138728,"dapA-bamC",2.13944715582058,-980.14938048433,-1416.02089116809,-0.538495689583762,0.842628264598161,-0.842628264598161,-0.538495689583762
-27.5277945054259,-2.59851454241829,"dapA-bamC",2.13944715582058,-980.14938048433,-1416.02089116809,-0.538495689583762,0.842628264598161,-0.842628264598161,-0.538495689583762
23.6698506342667,-1.18200761334477,"betI-betB-betA",2.13944715582058,-980.14938048433,-1416.02089116809,-0.538495689583762,0.842628264598161,-0.842628264598161,-0.538495689583762
-26.9112241392708,-5.56485283121468,"bipA",2.13944715582058,-980.14938048433,-1416.02089116809,-0.538495689583762,0.842628264598161,-0.842628264598161,-0.538495689583762
-19.5007093597638,-3.36314679833742,"bipA",2.13944715582058,-980.14938048433,-1416.02089116809,-0.538495689583762,0.842628264598161,-0.842628264598161,-0.538495689583762
22.4925339778415,0.473455422214895,"bipA",2.13944715582058,-980.14938048433,-1416.02089116809,-0.538495689583762,0.842628264598161,-0.842628264598161,-0.538495689583762
-27.9271673237739,-5.45206166373327,"btsT",2.13944715582058,-980.14938048433,-1416.02089116809,-0.538495689583762,0.842628264598161,-0.842628264598161,-0.538495689583762
13.4870864363833,-3.01226353542371,"btsT",2.13944715582058,-980.14938048433,-1416.02089116809,-0.538495689583762,0.842628264598161,-0.842628264598161,-0.538495689583762
41.2553639479179,6.64637550483453,"mtn-btuF-yadS",2.13944715582058,-980.14938048433,-1416.02089116809,-0.538495689583762,0.842628264598161,-0.842628264598161,-0.538495689583762
-17.3242050402273,-5.74425395878576,"cbpA-cbpM",2.13944715582058,-980.14938048433,-1416.02089116809,-0.538495689583762,0.842628264598161,-0.842628264598161,-0.538495689583762
-41.4755759545651,5.78373476770437,"clpB",2.13944715582058,-980.14938048433,-1416.02089116809,-0.538495689583762,0.842628264598161,-0.842628264598161,-0.538495689583762
37.0938271803063,7.36796251650827,"clpP-clpX-lon",2.13944715582058,-980.14938048433,-1416.02089116809,-0.538495689583762,0.842628264598161,-0.842628264598161,-0.538495689583762
-18.6715084342971,-3.80268952402485,"clpP-clpX-lon",2.13944715582058,-980.14938048433,-1416.02089116809,-0.538495689583762,0.842628264598161,-0.842628264598161,-0.538495689583762
18.3930183443807,-2.75250864308542,"codB-codA",2.13944715582058,-980.14938048433,-1416.02089116809,-0.538495689583762,0.842628264598161,-0.842628264598161,-0.538495689583762
1.3143581575219,-0.153159693482081,"csdA-csdE",2.13944715582058,-980.14938048433,-1416.02089116809,-0.538495689583762,0.842628264598161,-0.842628264598161,-0.538495689583762
-34.4918945319072,-1.03424486209972,"cydA-cydB",2.13944715582058,-980.14938048433,-1416.02089116809,-0.538495689583762,0.842628264598161,-0.842628264598161,-0.538495689583762
-26.7220955055298,1.08583203351165,"cydA-cydB",2.13944715582058,-980.14938048433,-1416.02089116809,-0.538495689583762,0.842628264598161,-0.842628264598161,-0.538495689583762
-26.1550019763693,2.4660641332631,"cydA-cydB",2.13944715582058,-980.14938048433,-1416.02089116809,-0.538495689583762,0.842628264598161,-0.842628264598161,-0.538495689583762
-21.4459618393965,-7.19126420204683,"cyoA-cyoB-cyoC-cyoD-cyoE",2.13944715582058,-980.14938048433,-1416.02089116809,-0.538495689583762,0.842628264598161,-0.842628264598161,-0.538495689583762
-39.0296759828953,8.43293786459706,"cyoA-cyoB-cyoC-cyoD-cyoE",2.13944715582058,-980.14938048433,-1416.02089116809,-0.538495689583762,0.842628264598161,-0.842628264598161,-0.538495689583762
-26.0809674194647,-6.55056586715192,"cyoA-cyoB-cyoC-cyoD-cyoE",2.13944715582058,-980.14938048433,-1416.02089116809,-0.538495689583762,0.842628264598161,-0.842628264598161,-0.538495689583762
-28.8869871704645,-6.1456072927288,"cyoA-cyoB-cyoC-cyoD-cyoE",2.13944715582058,-980.14938048433,-1416.02089116809,-0.538495689583762,0.842628264598161,-0.842628264598161,-0.538495689583762
-46.4564918640268,6.1286576235296,"cyoA-cyoB-cyoC-cyoD-cyoE",2.13944715582058,-980.14938048433,-1416.02089116809,-0.538495689583762,0.842628264598161,-0.842628264598161,-0.538495689583762
12.3547811152939,-2.19556705892053,"cyoA-cyoB-cyoC-cyoD-cyoE",2.13944715582058,-980.14938048433,-1416.02089116809,-0.538495689583762,0.842628264598161,-0.842628264598161,-0.538495689583762
-12.5330623870858,-7.00062015414772,"udk-dcd",2.13944715582058,-980.14938048433,-1416.02089116809,-0.538495689583762,0.842628264598161,-0.842628264598161,-0.538495689583762
-36.5915301079954,-0.348468308312017,"aspA-dcuA",2.13944715582058,-980.14938048433,-1416.02089116809,-0.538495689583762,0.842628264598161,-0.842628264598161,-0.538495689583762
-13.9689981736687,-2.257703972123,"deoC-deoA-deoB-deoD",2.13944715582058,-980.14938048433,-1416.02089116809,-0.538495689583762,0.842628264598161,-0.842628264598161,-0.538495689583762
13.5996345984059,-6.05976005079929,"bamB-der",2.13944715582058,-980.14938048433,-1416.02089116809,-0.538495689583762,0.842628264598161,-0.842628264598161,-0.538495689583762
2.7726325550191,-1.76416010055961,"dld",2.13944715582058,-980.14938048433,-1416.02089116809,-0.538495689583762,0.842628264598161,-0.842628264598161,-0.538495689583762
-36.7547410840115,1.93785234815936,"dmsA-dmsB-dmsC",2.13944715582058,-980.14938048433,-1416.02089116809,-0.538495689583762,0.842628264598161,-0.842628264598161,-0.538495689583762
32.3632610607417,8.23517703491149,"dnaK-dnaJ",2.13944715582058,-980.14938048433,-1416.02089116809,-0.538495689583762,0.842628264598161,-0.842628264598161,-0.538495689583762
25.2190250851688,0.682962150665424,"dnaK-dnaJ",2.13944715582058,-980.14938048433,-1416.02089116809,-0.538495689583762,0.842628264598161,-0.842628264598161,-0.538495689583762
-24.3946847230228,1.9035583722522,"dnaK-dnaJ",2.13944715582058,-980.14938048433,-1416.02089116809,-0.538495689583762,0.842628264598161,-0.842628264598161,-0.538495689583762
31.820643793667,7.48080767977288,"dnaK-dnaJ",2.13944715582058,-980.14938048433,-1416.02089116809,-0.538495689583762,0.842628264598161,-0.842628264598161,-0.538495689583762
24.9290984626721,-0.609156579779987,"dnaK-dnaJ",2.13944715582058,-980.14938048433,-1416.02089116809,-0.538495689583762,0.842628264598161,-0.842628264598161,-0.538495689583762
-39.3697655553967,6.48051910503861,"dnaK-dnaJ",2.13944715582058,-980.14938048433,-1416.02089116809,-0.538495689583762,0.842628264598161,-0.842628264598161,-0.538495689583762
-36.214638089587,2.93880009820113,"dusB-fis",2.13944715582058,-980.14938048433,-1416.02089116809,-0.538495689583762,0.842628264598161,-0.842628264598161,-0.538495689583762
18.7659762039671,-2.55108672627227,"dusB-fis",2.13944715582058,-980.14938048433,-1416.02089116809,-0.538495689583762,0.842628264598161,-0.842628264598161,-0.538495689583762
-20.174940957942,-2.23913891824117,"dusB-fis",2.13944715582058,-980.14938048433,-1416.02089116809,-0.538495689583762,0.842628264598161,-0.842628264598161,-0.538495689583762
7.69168485937569,-5.38715566217771,"dusB-fis",2.13944715582058,-980.14938048433,-1416.02089116809,-0.538495689583762,0.842628264598161,-0.842628264598161,-0.538495689583762
-18.0544000311579,-4.27308700741011,"dut-slmA",2.13944715582058,-980.14938048433,-1416.02089116809,-0.538495689583762,0.842628264598161,-0.842628264598161,-0.538495689583762
9.90507695706657,2.12036356286461,"efeO-efeB",2.13944715582058,-980.14938048433,-1416.02089116809,-0.538495689583762,0.842628264598161,-0.842628264598161,-0.538495689583762
-8.73398948949201,-2.91441065359968,"ettA",2.13944715582058,-980.14938048433,-1416.02089116809,-0.538495689583762,0.842628264598161,-0.842628264598161,-0.538495689583762
22.0232185945196,-0.264634807077754,"ettA",2.13944715582058,-980.14938048433,-1416.02089116809,-0.538495689583762,0.842628264598161,-0.842628264598161,-0.538495689583762
6.18151491005131,-5.57956552849895,"fadL",2.13944715582058,-980.14938048433,-1416.02089116809,-0.538495689583762,0.842628264598161,-0.842628264598161,-0.538495689583762
-22.786277305184,0.0192156219435539,"fdoG-fdoH-fdoI-fdhE",2.13944715582058,-980.14938048433,-1416.02089116809,-0.538495689583762,0.842628264598161,-0.842628264598161,-0.538495689583762
9.58351886278432,0.775034430309489,"fiu",2.13944715582058,-980.14938048433,-1416.02089116809,-0.538495689583762,0.842628264598161,-0.842628264598161,-0.538495689583762
13.1409423458206,2.58913544327513,"flgB-flgC-flgD-flgE-flgF-flgG-flgH-flgI-flgJ",2.13944715582058,-980.14938048433,-1416.02089116809,-0.538495689583762,0.842628264598161,-0.842628264598161,-0.538495689583762
24.5865996942544,4.73796302180299,"flgB-flgC-flgD-flgE-flgF-flgG-flgH-flgI-flgJ",2.13944715582058,-980.14938048433,-1416.02089116809,-0.538495689583762,0.842628264598161,-0.842628264598161,-0.538495689583762
15.389312474591,2.77695536781042,"flgB-flgC-flgD-flgE-flgF-flgG-flgH-flgI-flgJ",2.13944715582058,-980.14938048433,-1416.02089116809,-0.538495689583762,0.842628264598161,-0.842628264598161,-0.538495689583762
-19.0251401100546,-6.04036768665252,"flhB-flhA-flhE",2.13944715582058,-980.14938048433,-1416.02089116809,-0.538495689583762,0.842628264598161,-0.842628264598161,-0.538495689583762
-19.2202055770146,-0.383066462110974,"flhB-flhA-flhE",2.13944715582058,-980.14938048433,-1416.02089116809,-0.538495689583762,0.842628264598161,-0.842628264598161,-0.538495689583762
19.0411583640894,-1.20404480919964,"flhB-flhA-flhE",2.13944715582058,-980.14938048433,-1416.02089116809,-0.538495689583762,0.842628264598161,-0.842628264598161,-0.538495689583762
5.9059337906774,-4.28765628375903,"fliC-fliX",2.13944715582058,-980.14938048433,-1416.02089116809,-0.538495689583762,0.842628264598161,-0.842628264598161,-0.538495689583762
-6.95633223412698,-4.59185351773787,"fliC-fliX",2.13944715582058,-980.14938048433,-1416.02089116809,-0.538495689583762,0.842628264598161,-0.842628264598161,-0.538495689583762
32.2292107196079,7.3671021081097,"fliC-fliX",2.13944715582058,-980.14938048433,-1416.02089116809,-0.538495689583762,0.842628264598161,-0.842628264598161,-0.538495689583762
-30.8178528353381,1.45129291421181,"fliC-fliX",2.13944715582058,-980.14938048433,-1416.02089116809,-0.538495689583762,0.842628264598161,-0.842628264598161,-0.538495689583762
29.8700279167334,2.7083570901224,"fliC-fliX",2.13944715582058,-980.14938048433,-1416.02089116809,-0.538495689583762,0.842628264598161,-0.842628264598161,-0.538495689583762
-41.4813614712426,7.04841519745598,"fliC-fliX",2.13944715582058,-980.14938048433,-1416.02089116809,-0.538495689583762,0.842628264598161,-0.842628264598161,-0.538495689583762
-7.73332542492455,-3.59336163296641,"fliC-fliX",2.13944715582058,-980.14938048433,-1416.02089116809,-0.538495689583762,0.842628264598161,-0.842628264598161,-0.538495689583762
-39.2464514073989,7.05194055274914,"fliC-fliX",2.13944715582058,-980.14938048433,-1416.02089116809,-0.538495689583762,0.842628264598161,-0.842628264598161,-0.538495689583762
-20.5926917976822,-1.98028571370963,"fliC-fliX",2.13944715582058,-980.14938048433,-1416.02089116809,-0.538495689583762,0.842628264598161,-0.842628264598161,-0.538495689583762
19.2165405009357,-3.42322330496676,"fliC-fliX",2.13944715582058,-980.14938048433,-1416.02089116809,-0.538495689583762,0.842628264598161,-0.842628264598161,-0.538495689583762
44.3885641812179,-0.0654273836336467,"fliC-fliX",2.13944715582058,-980.14938048433,-1416.02089116809,-0.538495689583762,0.842628264598161,-0.842628264598161,-0.538495689583762
-38.3673627926757,4.12163838567418,"fliC-fliX",2.13944715582058,-980.14938048433,-1416.02089116809,-0.538495689583762,0.842628264598161,-0.842628264598161,-0.538495689583762
5.14506796591168,-6.92022526608479,"fliC-fliX",2.13944715582058,-980.14938048433,-1416.02089116809,-0.538495689583762,0.842628264598161,-0.842628264598161,-0.538495689583762
-38.2431847128327,1.20766141160827,"fliC-fliX",2.13944715582058,-980.14938048433,-1416.02089116809,-0.538495689583762,0.842628264598161,-0.842628264598161,-0.538495689583762
-9.57281039541441,-8.78022214543845,"fliC-fliX",2.13944715582058,-980.14938048433,-1416.02089116809,-0.538495689583762,0.842628264598161,-0.842628264598161,-0.538495689583762
1.4803893293142,-1.71862708375038,"fliC-fliX",2.13944715582058,-980.14938048433,-1416.02089116809,-0.538495689583762,0.842628264598161,-0.842628264598161,-0.538495689583762
44.4829386738209,1.45087558910825,"fliC-fliX",2.13944715582058,-980.14938048433,-1416.02089116809,-0.538495689583762,0.842628264598161,-0.842628264598161,-0.538495689583762
27.7925887198037,-1.54406132215313,"fliC-fliX",2.13944715582058,-980.14938048433,-1416.02089116809,-0.538495689583762,0.842628264598161,-0.842628264598161,-0.538495689583762
-42.1374556694156,4.9248262110644,"fliC-fliX",2.13944715582058,-980.14938048433,-1416.02089116809,-0.538495689583762,0.842628264598161,-0.842628264598161,-0.538495689583762
25.4135089093728,-0.771687251122875,"fliC-fliX",2.13944715582058,-980.14938048433,-1416.02089116809,-0.538495689583762,0.842628264598161,-0.842628264598161,-0.538495689583762
7.06132288640371,-3.18595107024835,"fliC-fliX",2.13944715582058,-980.14938048433,-1416.02089116809,-0.538495689583762,0.842628264598161,-0.842628264598161,-0.538495689583762
27.4137445868058,0.901223294101856,"fliC-fliX",2.13944715582058,-980.14938048433,-1416.02089116809,-0.538495689583762,0.842628264598161,-0.842628264598161,-0.538495689583762
43.6375962394219,0.812412858320998,"fliC-fliX",2.13944715582058,-980.14938048433,-1416.02089116809,-0.538495689583762,0.842628264598161,-0.842628264598161,-0.538495689583762
39.1946168456847,1.67225257991219,"fliC-fliX",2.13944715582058,-980.14938048433,-1416.02089116809,-0.538495689583762,0.842628264598161,-0.842628264598161,-0.538495689583762
39.9743543391978,3.48884808833172,"fliC-fliX",2.13944715582058,-980.14938048433,-1416.02089116809,-0.538495689583762,0.842628264598161,-0.842628264598161,-0.538495689583762
-11.5171731393565,-6.7786740993325,"fliC-fliX",2.13944715582058,-980.14938048433,-1416.02089116809,-0.538495689583762,0.842628264598161,-0.842628264598161,-0.538495689583762
16.6777078272948,-6.34430921210013,"fliC-fliX",2.13944715582058,-980.14938048433,-1416.02089116809,-0.538495689583762,0.842628264598161,-0.842628264598161,-0.538495689583762
-13.7513739484152,-7.55899743084444,"fliC-fliX",2.13944715582058,-980.14938048433,-1416.02089116809,-0.538495689583762,0.842628264598161,-0.842628264598161,-0.538495689583762
46.3837270294517,1.9538656755896,"fliC-fliX",2.13944715582058,-980.14938048433,-1416.02089116809,-0.538495689583762,0.842628264598161,-0.842628264598161,-0.538495689583762
-22.7877841881979,-6.15236533312005,"fliC-fliX",2.13944715582058,-980.14938048433,-1416.02089116809,-0.538495689583762,0.842628264598161,-0.842628264598161,-0.538495689583762
24.8638274881788,-0.326887222802003,"fliC-fliX",2.13944715582058,-980.14938048433,-1416.02089116809,-0.538495689583762,0.842628264598161,-0.842628264598161,-0.538495689583762
22.2998952971402,-1.85251082308994,"fliD-fliS-fliT",2.13944715582058,-980.14938048433,-1416.02089116809,-0.538495689583762,0.842628264598161,-0.842628264598161,-0.538495689583762
26.2071999765419,1.48921576092696,"fliD-fliS-fliT",2.13944715582058,-980.14938048433,-1416.02089116809,-0.538495689583762,0.842628264598161,-0.842628264598161,-0.538495689583762
9.17403389855226,-3.69880566050374,"rlmE-ftsH",2.13944715582058,-980.14938048433,-1416.02089116809,-0.538495689583762,0.842628264598161,-0.842628264598161,-0.538495689583762
14.0119967201655,0.763076324890734,"gapA-yeaD",2.13944715582058,-980.14938048433,-1416.02089116809,-0.538495689583762,0.842628264598161,-0.842628264598161,-0.538495689583762
26.519263474379,3.0052047268887,"gapA-yeaD",2.13944715582058,-980.14938048433,-1416.02089116809,-0.538495689583762,0.842628264598161,-0.842628264598161,-0.538495689583762
1.35181289478978,-2.66170266952539,"gapA-yeaD",2.13944715582058,-980.14938048433,-1416.02089116809,-0.538495689583762,0.842628264598161,-0.842628264598161,-0.538495689583762
-15.4592340665503,-4.87409424508835,"gcd",2.13944715582058,-980.14938048433,-1416.02089116809,-0.538495689583762,0.842628264598161,-0.842628264598161,-0.538495689583762
-45.383835790378,8.24315983380619,"gcd",2.13944715582058,-980.14938048433,-1416.02089116809,-0.538495689583762,0.842628264598161,-0.842628264598161,-0.538495689583762
-8.70152715591543,-8.54183976549424,"folP-glmM",2.13944715582058,-980.14938048433,-1416.02089116809,-0.538495689583762,0.842628264598161,-0.842628264598161,-0.538495689583762
-12.9978503988407,-4.7488723542978,"glnA-glnL-glnG",2.13944715582058,-980.14938048433,-1416.02089116809,-0.538495689583762,0.842628264598161,-0.842628264598161,-0.538495689583762
41.2681991130833,6.78326661533905,"glnS",2.13944715582058,-980.14938048433,-1416.02089116809,-0.538495689583762,0.842628264598161,-0.842628264598161,-0.538495689583762
4.5290143485425,-1.48379213184814,"glnS",2.13944715582058,-980.14938048433,-1416.02089116809,-0.538495689583762,0.842628264598161,-0.842628264598161,-0.538495689583762
-8.54991563800682,-3.29657558814932,"glpD",2.13944715582058,-980.14938048433,-1416.02089116809,-0.538495689583762,0.842628264598161,-0.842628264598161,-0.538495689583762
39.375643311075,0.399518188757424,"glpD",2.13944715582058,-980.14938048433,-1416.02089116809,-0.538495689583762,0.842628264598161,-0.842628264598161,-0.538495689583762
-24.493927484966,-4.36970401705543,"gltX",2.13944715582058,-980.14938048433,-1416.02089116809,-0.538495689583762,0.842628264598161,-0.842628264598161,-0.538495689583762
-10.2697314256891,-5.58808026770798,"glyQ-glyS",2.13944715582058,-980.14938048433,-1416.02089116809,-0.538495689583762,0.842628264598161,-0.842628264598161,-0.538495689583762
26.2484705852624,-0.718274923935883,"glyQ-glyS",2.13944715582058,-980.14938048433,-1416.02089116809,-0.538495689583762,0.842628264598161,-0.842628264598161,-0.538495689583762
-15.2093230214925,-3.89083268804556,"gnd",2.13944715582058,-980.14938048433,-1416.02089116809,-0.538495689583762,0.842628264598161,-0.842628264598161,-0.538495689583762
39.8409385540205,0.25888739379283,"gor",2.13944715582058,-980.14938048433,-1416.02089116809,-0.538495689583762,0.842628264598161,-0.842628264598161,-0.538495689583762
-18.516936198489,1.13337029266265,"gpmM-envC-yibQ",2.13944715582058,-980.14938048433,-1416.02089116809,-0.538495689583762,0.842628264598161,-0.842628264598161,-0.538495689583762
-4.0337894274273,-5.48486498631317,"groS-groL",2.13944715582058,-980.14938048433,-1416.02089116809,-0.538495689583762,0.842628264598161,-0.842628264598161,-0.538495689583762
-41.817801388752,2.80363881753838,"groS-groL",2.13944715582058,-980.14938048433,-1416.02089116809,-0.538495689583762,0.842628264598161,-0.842628264598161,-0.538495689583762
-33.6555704818926,0.978603715654427,"groS-groL",2.13944715582058,-980.14938048433,-1416.02089116809,-0.538495689583762,0.842628264598161,-0.842628264598161,-0.538495689583762
-33.6068224206462,-2.56780072673846,"groS-groL",2.13944715582058,-980.14938048433,-1416.02089116809,-0.538495689583762,0.842628264598161,-0.842628264598161,-0.538495689583762
-44.1920183797545,5.08484121312618,"groS-groL",2.13944715582058,-980.14938048433,-1416.02089116809,-0.538495689583762,0.842628264598161,-0.842628264598161,-0.538495689583762
3.62882920513934,-5.74273327021768,"groS-groL",2.13944715582058,-980.14938048433,-1416.02089116809,-0.538495689583762,0.842628264598161,-0.842628264598161,-0.538495689583762
-42.4689641019462,4.62335977717638,"groS-groL",2.13944715582058,-980.14938048433,-1416.02089116809,-0.538495689583762,0.842628264598161,-0.842628264598161,-0.538495689583762
20.52830088799,-3.1585482457805,"gyrA",2.13944715582058,-980.14938048433,-1416.02089116809,-0.538495689583762,0.842628264598161,-0.842628264598161,-0.538495689583762
23.8906765037594,0.909883075807712,"gyrA",2.13944715582058,-980.14938048433,-1416.02089116809,-0.538495689583762,0.842628264598161,-0.842628264598161,-0.538495689583762
39.919351982558,1.42170704736136,"gyrA",2.13944715582058,-980.14938048433,-1416.02089116809,-0.538495689583762,0.842628264598161,-0.842628264598161,-0.538495689583762
-0.339345313250668,-6.09277508429268,"hemA-prfA-prmC",2.13944715582058,-980.14938048433,-1416.02089116809,-0.538495689583762,0.842628264598161,-0.842628264598161,-0.538495689583762
45.2542687979032,1.92487114529359,"hemL",2.13944715582058,-980.14938048433,-1416.02089116809,-0.538495689583762,0.842628264598161,-0.842628264598161,-0.538495689583762
-38.2331144356954,3.92371936423348,"hisS",2.13944715582058,-980.14938048433,-1416.02089116809,-0.538495689583762,0.842628264598161,-0.842628264598161,-0.538495689583762
41.5965657611615,6.51063865560313,"htpG",2.13944715582058,-980.14938048433,-1416.02089116809,-0.538495689583762,0.842628264598161,-0.842628264598161,-0.538495689583762
-40.8244297244308,9.89124065991944,"htpG",2.13944715582058,-980.14938048433,-1416.02089116809,-0.538495689583762,0.842628264598161,-0.842628264598161,-0.538495689583762
-30.3039341893599,-0.329329738378056,"iscR-iscS-iscU-iscA",2.13944715582058,-980.14938048433,-1416.02089116809,-0.538495689583762,0.842628264598161,-0.842628264598161,-0.538495689583762
23.8252248125715,-1.33257024056713,"katG",2.13944715582058,-980.14938048433,-1416.02089116809,-0.538495689583762,0.842628264598161,-0.842628264598161,-0.538495689583762
-43.2191015270189,1.99402211656576,"lepA-lepB",2.13944715582058,-980.14938048433,-1416.02089116809,-0.538495689583762,0.842628264598161,-0.842628264598161,-0.538495689583762
-39.4392122317189,0.131131731122334,"lptF-lptG",2.13944715582058,-980.14938048433,-1416.02089116809,-0.538495689583762,0.842628264598161,-0.842628264598161,-0.538495689583762
-11.5087929818941,1.07907005607634,"lysP",2.13944715582058,-980.14938048433,-1416.02089116809,-0.538495689583762,0.842628264598161,-0.842628264598161,-0.538495689583762
6.65177674790276,-1.81768598977626,"manX-manY-manZ",2.13944715582058,-980.14938048433,-1416.02089116809,-0.538495689583762,0.842628264598161,-0.842628264598161,-0.538495689583762
-21.7780393288247,-2.0059262775605,"metH",2.13944715582058,-980.14938048433,-1416.02089116809,-0.538495689583762,0.842628264598161,-0.842628264598161,-0.538495689583762
-19.0285509096266,-0.180848242189026,"metH",2.13944715582058,-980.14938048433,-1416.02089116809,-0.538495689583762,0.842628264598161,-0.842628264598161,-0.538495689583762
-33.9686240908183,2.50677227243694,"mglB-mglA-mglC",2.13944715582058,-980.14938048433,-1416.02089116809,-0.538495689583762,0.842628264598161,-0.842628264598161,-0.538495689583762
-27.9764208591367,2.83713668142376,"mnmA",2.13944715582058,-980.14938048433,-1416.02089116809,-0.538495689583762,0.842628264598161,-0.842628264598161,-0.538495689583762
-43.3231499142928,9.12151814343981,"mntR-ybiR",2.13944715582058,-980.14938048433,-1416.02089116809,-0.538495689583762,0.842628264598161,-0.842628264598161,-0.538495689583762
-17.1779841293342,-1.35849949857967,"moeA-moeB",2.13944715582058,-980.14938048433,-1416.02089116809,-0.538495689583762,0.842628264598161,-0.842628264598161,-0.538495689583762
-41.0298057944192,3.76499722797225,"mprA-emrA-emrB",2.13944715582058,-980.14938048433,-1416.02089116809,-0.538495689583762,0.842628264598161,-0.842628264598161,-0.538495689583762
-33.6224805985998,2.47087651649346,"mrcA",2.13944715582058,-980.14938048433,-1416.02089116809,-0.538495689583762,0.842628264598161,-0.842628264598161,-0.538495689583762
-37.7507551655658,1.20382675668071,"mrcA",2.13944715582058,-980.14938048433,-1416.02089116809,-0.538495689583762,0.842628264598161,-0.842628264598161,-0.538495689583762
-21.1041405531898,-8.5867660367628,"mrcA",2.13944715582058,-980.14938048433,-1416.02089116809,-0.538495689583762,0.842628264598161,-0.842628264598161,-0.538495689583762
-29.4308052566969,-5.86730699684955,"mreB-mreC-mreD",2.13944715582058,-980.14938048433,-1416.02089116809,-0.538495689583762,0.842628264598161,-0.842628264598161,-0.538495689583762
12.6243049677892,-3.13093496185288,"mreB-mreC-mreD",2.13944715582058,-980.14938048433,-1416.02089116809,-0.538495689583762,0.842628264598161,-0.842628264598161,-0.538495689583762
13.410945756675,-1.03464007103699,"mrp",2.13944715582058,-980.14938048433,-1416.02089116809,-0.538495689583762,0.842628264598161,-0.842628264598161,-0.538495689583762
19.4771355897898,0.0666556742623162,"ycaI-msbA-lpxK-ycaQ",2.13944715582058,-980.14938048433,-1416.02089116809,-0.538495689583762,0.842628264598161,-0.842628264598161,-0.538495689583762
-28.957667974649,-0.0814132429048207,"ndh",2.13944715582058,-980.14938048433,-1416.02089116809,-0.538495689583762,0.842628264598161,-0.842628264598161,-0.538495689583762
32.6878476095279,0.800773608620459,"nuoA-nuoB-nuoC-nuoE-nuoF-nuoG-nuoH-nuoI-nuoJ-nuoK-nuoL-nuoM-nuoN",2.13944715582058,-980.14938048433,-1416.02089116809,-0.538495689583762,0.842628264598161,-0.842628264598161,-0.538495689583762
17.8348674751248,-4.31243514685055,"ompA",2.13944715582058,-980.14938048433,-1416.02089116809,-0.538495689583762,0.842628264598161,-0.842628264598161,-0.538495689583762
23.9823385571769,3.28527263183075,"ompA",2.13944715582058,-980.14938048433,-1416.02089116809,-0.538495689583762,0.842628264598161,-0.842628264598161,-0.538495689583762
4.31145389730629,-3.45172354888435,"ompA",2.13944715582058,-980.14938048433,-1416.02089116809,-0.538495689583762,0.842628264598161,-0.842628264598161,-0.538495689583762
-34.3836012055447,-3.65292688614653,"ompA",2.13944715582058,-980.14938048433,-1416.02089116809,-0.538495689583762,0.842628264598161,-0.842628264598161,-0.538495689583762
-34.8077531751544,-2.00872140957851,"ompA",2.13944715582058,-980.14938048433,-1416.02089116809,-0.538495689583762,0.842628264598161,-0.842628264598161,-0.538495689583762
26.2720102590572,1.72953518852334,"ompA",2.13944715582058,-980.14938048433,-1416.02089116809,-0.538495689583762,0.842628264598161,-0.842628264598161,-0.538495689583762
-41.2734946407175,5.13448059544696,"ompA",2.13944715582058,-980.14938048433,-1416.02089116809,-0.538495689583762,0.842628264598161,-0.842628264598161,-0.538495689583762
-30.8697750378145,4.6270822802419,"ompA",2.13944715582058,-980.14938048433,-1416.02089116809,-0.538495689583762,0.842628264598161,-0.842628264598161,-0.538495689583762
4.14578355069754,-5.72806213500334,"ompA",2.13944715582058,-980.14938048433,-1416.02089116809,-0.538495689583762,0.842628264598161,-0.842628264598161,-0.538495689583762
30.221547478453,-0.957781228016717,"ompA",2.13944715582058,-980.14938048433,-1416.02089116809,-0.538495689583762,0.842628264598161,-0.842628264598161,-0.538495689583762
-33.4092355468853,3.56129621570071,"ompA",2.13944715582058,-980.14938048433,-1416.02089116809,-0.538495689583762,0.842628264598161,-0.842628264598161,-0.538495689583762
14.7598874701542,1.34078547055262,"ompA",2.13944715582058,-980.14938048433,-1416.02089116809,-0.538495689583762,0.842628264598161,-0.842628264598161,-0.538495689583762
20.106887812216,3.44522872043872,"ompA",2.13944715582058,-980.14938048433,-1416.02089116809,-0.538495689583762,0.842628264598161,-0.842628264598161,-0.538495689583762
-22.3317571518065,1.59284294052108,"ompA",2.13944715582058,-980.14938048433,-1416.02089116809,-0.538495689583762,0.842628264598161,-0.842628264598161,-0.538495689583762
-22.7154676472707,-3.74002297549162,"ompA",2.13944715582058,-980.14938048433,-1416.02089116809,-0.538495689583762,0.842628264598161,-0.842628264598161,-0.538495689583762
12.5301657611357,-7.36258323761618,"ompA",2.13944715582058,-980.14938048433,-1416.02089116809,-0.538495689583762,0.842628264598161,-0.842628264598161,-0.538495689583762
-26.6848540918934,-1.25832662304525,"ompC",2.13944715582058,-980.14938048433,-1416.02089116809,-0.538495689583762,0.842628264598161,-0.842628264598161,-0.538495689583762
8.16386024674366,-2.57122165086561,"ompC",2.13944715582058,-980.14938048433,-1416.02089116809,-0.538495689583762,0.842628264598161,-0.842628264598161,-0.538495689583762
3.53084303010223,-3.95788318141431,"ompC",2.13944715582058,-980.14938048433,-1416.02089116809,-0.538495689583762,0.842628264598161,-0.842628264598161,-0.538495689583762
39.3235132065704,6.55755021139284,"ompC",2.13944715582058,-980.14938048433,-1416.02089116809,-0.538495689583762,0.842628264598161,-0.842628264598161,-0.538495689583762
9.98145271334155,-3.28236051702816,"ompC",2.13944715582058,-980.14938048433,-1416.02089116809,-0.538495689583762,0.842628264598161,-0.842628264598161,-0.538495689583762
18.0594668080519,-1.84936297786134,"ompF",2.13944715582058,-980.14938048433,-1416.02089116809,-0.538495689583762,0.842628264598161,-0.842628264598161,-0.538495689583762
32.7976942465574,6.70473893764593,"ompF",2.13944715582058,-980.14938048433,-1416.02089116809,-0.538495689583762,0.842628264598161,-0.842628264598161,-0.538495689583762
45.7685809122696,3.27859400415945,"yhfG-fic-pabA",2.13944715582058,-980.14938048433,-1416.02089116809,-0.538495689583762,0.842628264598161,-0.842628264598161,-0.538495689583762
23.9489892039808,-2.3340873113248,"yhfG-fic-pabA",2.13944715582058,-980.14938048433,-1416.02089116809,-0.538495689583762,0.842628264598161,-0.842628264598161,-0.538495689583762
40.6119549840127,-0.327597827403392,"yhfG-fic-pabA",2.13944715582058,-980.14938048433,-1416.02089116809,-0.538495689583762,0.842628264598161,-0.842628264598161,-0.538495689583762
45.0534006578432,3.65606945525364,"yhfG-fic-pabA",2.13944715582058,-980.14938048433,-1416.02089116809,-0.538495689583762,0.842628264598161,-0.842628264598161,-0.538495689583762
-40.8906411698967,10.1722240875256,"focA-pflB",2.13944715582058,-980.14938048433,-1416.02089116809,-0.538495689583762,0.842628264598161,-0.842628264598161,-0.538495689583762
-38.7903411832283,4.9920008822959,"focA-pflB",2.13944715582058,-980.14938048433,-1416.02089116809,-0.538495689583762,0.842628264598161,-0.842628264598161,-0.538495689583762
11.8532934293036,2.35457577199142,"focA-pflB",2.13944715582058,-980.14938048433,-1416.02089116809,-0.538495689583762,0.842628264598161,-0.842628264598161,-0.538495689583762
2.01010410686947,-2.7909613055951,"focA-pflB",2.13944715582058,-980.14938048433,-1416.02089116809,-0.538495689583762,0.842628264598161,-0.842628264598161,-0.538495689583762
-21.5609517581252,-4.68723999086374,"pstS-pstC-pstA-pstB-phoU",2.13944715582058,-980.14938048433,-1416.02089116809,-0.538495689583762,0.842628264598161,-0.842628264598161,-0.538495689583762
-32.0935940979967,3.6552555024492,"pitA",2.13944715582058,-980.14938048433,-1416.02089116809,-0.538495689583762,0.842628264598161,-0.842628264598161,-0.538495689583762
-36.2951962930038,-1.16296090354699,"pitA",2.13944715582058,-980.14938048433,-1416.02089116809,-0.538495689583762,0.842628264598161,-0.842628264598161,-0.538495689583762
44.5122665660213,0.425449574059349,"pitA",2.13944715582058,-980.14938048433,-1416.02089116809,-0.538495689583762,0.842628264598161,-0.842628264598161,-0.538495689583762
30.8134157958714,1.92009691131374,"plaP",2.13944715582058,-980.14938048433,-1416.02089116809,-0.538495689583762,0.842628264598161,-0.842628264598161,-0.538495689583762
25.6255228010757,-3.34134775004586,"plaP",2.13944715582058,-980.14938048433,-1416.02089116809,-0.538495689583762,0.842628264598161,-0.842628264598161,-0.538495689583762
32.613629931167,3.02876189095463,"plaP",2.13944715582058,-980.14938048433,-1416.02089116809,-0.538495689583762,0.842628264598161,-0.842628264598161,-0.538495689583762
31.4692155819585,-1.66137013035611,"plsB",2.13944715582058,-980.14938048433,-1416.02089116809,-0.538495689583762,0.842628264598161,-0.842628264598161,-0.538495689583762
25.7857873228006,-2.0246363454183,"ppnN",2.13944715582058,-980.14938048433,-1416.02089116809,-0.538495689583762,0.842628264598161,-0.842628264598161,-0.538495689583762
16.9922142244725,-4.50936048591339,"proQ-prc",2.13944715582058,-980.14938048433,-1416.02089116809,-0.538495689583762,0.842628264598161,-0.842628264598161,-0.538495689583762
38.7480268101146,8.9877997412755,"proB-proA",2.13944715582058,-980.14938048433,-1416.02089116809,-0.538495689583762,0.842628264598161,-0.842628264598161,-0.538495689583762
4.67224880120114,-0.510908953007206,"proS",2.13944715582058,-980.14938048433,-1416.02089116809,-0.538495689583762,0.842628264598161,-0.842628264598161,-0.538495689583762
-38.9301286808903,8.81712175749674,"proS",2.13944715582058,-980.14938048433,-1416.02089116809,-0.538495689583762,0.842628264598161,-0.842628264598161,-0.538495689583762
26.3848648351992,2.2021377748936,"pssA",2.13944715582058,-980.14938048433,-1416.02089116809,-0.538495689583762,0.842628264598161,-0.842628264598161,-0.538495689583762
-31.4458940659189,-2.52163636563842,"ptsG",2.13944715582058,-980.14938048433,-1416.02089116809,-0.538495689583762,0.842628264598161,-0.842628264598161,-0.538495689583762
-21.9830933484644,-1.04971493317607,"purA",2.13944715582058,-980.14938048433,-1416.02089116809,-0.538495689583762,0.842628264598161,-0.842628264598161,-0.538495689583762
-11.5095480039745,-7.732209764219,"purA",2.13944715582058,-980.14938048433,-1416.02089116809,-0.538495689583762,0.842628264598161,-0.842628264598161,-0.538495689583762
-7.28009679163736,-2.72296793103109,"purA",2.13944715582058,-980.14938048433,-1416.02089116809,-0.538495689583762,0.842628264598161,-0.842628264598161,-0.538495689583762
-21.7007474615334,-0.60456257753452,"pykA",2.13944715582058,-980.14938048433,-1416.02089116809,-0.538495689583762,0.842628264598161,-0.842628264598161,-0.538495689583762
23.7331475018182,-4.65884931617767,"rfbB-rfbD-rfbA-rfbC-rfbX",2.13944715582058,-980.14938048433,-1416.02089116809,-0.538495689583762,0.842628264598161,-0.842628264598161,-0.538495689583762
-11.002797374974,-4.54647878014206,"rhoL-rho",2.13944715582058,-980.14938048433,-1416.02089116809,-0.538495689583762,0.842628264598161,-0.842628264598161,-0.538495689583762
0.712242654471731,-1.15142124287024,"rhoL-rho",2.13944715582058,-980.14938048433,-1416.02089116809,-0.538495689583762,0.842628264598161,-0.842628264598161,-0.538495689583762
25.3108675482769,3.42483935389128,"rhoL-rho",2.13944715582058,-980.14938048433,-1416.02089116809,-0.538495689583762,0.842628264598161,-0.842628264598161,-0.538495689583762
-16.3201527005089,0.694317319774914,"rhoL-rho",2.13944715582058,-980.14938048433,-1416.02089116809,-0.538495689583762,0.842628264598161,-0.842628264598161,-0.538495689583762
30.6948545263832,1.24729101190636,"rhoL-rho",2.13944715582058,-980.14938048433,-1416.02089116809,-0.538495689583762,0.842628264598161,-0.842628264598161,-0.538495689583762
2.72259151154953,-2.03373699862116,"rhoL-rho",2.13944715582058,-980.14938048433,-1416.02089116809,-0.538495689583762,0.842628264598161,-0.842628264598161,-0.538495689583762
19.8151604811826,-0.313422897087054,"rlmN",2.13944715582058,-980.14938048433,-1416.02089116809,-0.538495689583762,0.842628264598161,-0.842628264598161,-0.538495689583762
2.67585351025102,-5.65731802010167,"rnb",2.13944715582058,-980.14938048433,-1416.02089116809,-0.538495689583762,0.842628264598161,-0.842628264598161,-0.538495689583762
7.3510586225644,0.0423747161604037,"thrS-infC-rpmI-rplT-pheM-pheS-pheT-ihfA",2.13944715582058,-980.14938048433,-1416.02089116809,-0.538495689583762,0.842628264598161,-0.842628264598161,-0.538495689583762
-6.3306387115771,-5.66349246320372,"thrS-infC-rpmI-rplT-pheM-pheS-pheT-ihfA",2.13944715582058,-980.14938048433,-1416.02089116809,-0.538495689583762,0.842628264598161,-0.842628264598161,-0.538495689583762
26.5758063763727,3.86044768665749,"thrS-infC-rpmI-rplT-pheM-pheS-pheT-ihfA",2.13944715582058,-980.14938048433,-1416.02089116809,-0.538495689583762,0.842628264598161,-0.842628264598161,-0.538495689583762
23.8231100274468,3.38616395068414,"thrS-infC-rpmI-rplT-pheM-pheS-pheT-ihfA",2.13944715582058,-980.14938048433,-1416.02089116809,-0.538495689583762,0.842628264598161,-0.842628264598161,-0.538495689583762
18.9622424957374,-3.1851131108294,"thrS-infC-rpmI-rplT-pheM-pheS-pheT-ihfA",2.13944715582058,-980.14938048433,-1416.02089116809,-0.538495689583762,0.842628264598161,-0.842628264598161,-0.538495689583762
-10.25411204571,-6.44814039058823,"thrS-infC-rpmI-rplT-pheM-pheS-pheT-ihfA",2.13944715582058,-980.14938048433,-1416.02089116809,-0.538495689583762,0.842628264598161,-0.842628264598161,-0.538495689583762
-28.1071365064618,-0.578201146968045,"thrS-infC-rpmI-rplT-pheM-pheS-pheT-ihfA",2.13944715582058,-980.14938048433,-1416.02089116809,-0.538495689583762,0.842628264598161,-0.842628264598161,-0.538495689583762
-14.08914376355,-5.47042805397827,"thrS-infC-rpmI-rplT-pheM-pheS-pheT-ihfA",2.13944715582058,-980.14938048433,-1416.02089116809,-0.538495689583762,0.842628264598161,-0.842628264598161,-0.538495689583762
-37.1335431963323,2.41735596994048,"thrS-infC-rpmI-rplT-pheM-pheS-pheT-ihfA",2.13944715582058,-980.14938048433,-1416.02089116809,-0.538495689583762,0.842628264598161,-0.842628264598161,-0.538495689583762
37.8027405593099,0.322688760218175,"thrS-infC-rpmI-rplT-pheM-pheS-pheT-ihfA",2.13944715582058,-980.14938048433,-1416.02089116809,-0.538495689583762,0.842628264598161,-0.842628264598161,-0.538495689583762
-11.4932218524067,-8.14863486765896,"thrS-infC-rpmI-rplT-pheM-pheS-pheT-ihfA",2.13944715582058,-980.14938048433,-1416.02089116809,-0.538495689583762,0.842628264598161,-0.842628264598161,-0.538495689583762
-32.0828171003132,-2.40369549800645,"thrS-infC-rpmI-rplT-pheM-pheS-pheT-ihfA",2.13944715582058,-980.14938048433,-1416.02089116809,-0.538495689583762,0.842628264598161,-0.842628264598161,-0.538495689583762
2.39019724245804,-5.34979846516172,"nlpD-rpoS",2.13944715582058,-980.14938048433,-1416.02089116809,-0.538495689583762,0.842628264598161,-0.842628264598161,-0.538495689583762
3.37705867681644,-2.38049459001248,"nlpD-rpoS",2.13944715582058,-980.14938048433,-1416.02089116809,-0.538495689583762,0.842628264598161,-0.842628264598161,-0.538495689583762
38.269367346232,1.13920953872096,"nlpD-rpoS",2.13944715582058,-980.14938048433,-1416.02089116809,-0.538495689583762,0.842628264598161,-0.842628264598161,-0.538495689583762
37.925143410402,4.17126200246587,"rpoZ-spoT-trmH-recG",2.13944715582058,-980.14938048433,-1416.02089116809,-0.538495689583762,0.842628264598161,-0.842628264598161,-0.538495689583762
25.7021543812766,4.61131003027616,"cmk-rpsA-ihfB",2.13944715582058,-980.14938048433,-1416.02089116809,-0.538495689583762,0.842628264598161,-0.842628264598161,-0.538495689583762
16.838753703748,2.7317185109337,"cmk-rpsA-ihfB",2.13944715582058,-980.14938048433,-1416.02089116809,-0.538495689583762,0.842628264598161,-0.842628264598161,-0.538495689583762
-43.5797054868695,7.28476996508766,"cmk-rpsA-ihfB",2.13944715582058,-980.14938048433,-1416.02089116809,-0.538495689583762,0.842628264598161,-0.842628264598161,-0.538495689583762
-43.3799055463373,7.13779957261597,"cmk-rpsA-ihfB",2.13944715582058,-980.14938048433,-1416.02089116809,-0.538495689583762,0.842628264598161,-0.842628264598161,-0.538495689583762
33.5518480169346,6.01201525490791,"cmk-rpsA-ihfB",2.13944715582058,-980.14938048433,-1416.02089116809,-0.538495689583762,0.842628264598161,-0.842628264598161,-0.538495689583762
-35.6178459924156,4.02492557790123,"cmk-rpsA-ihfB",2.13944715582058,-980.14938048433,-1416.02089116809,-0.538495689583762,0.842628264598161,-0.842628264598161,-0.538495689583762
39.9185740501861,6.15163254437717,"cmk-rpsA-ihfB",2.13944715582058,-980.14938048433,-1416.02089116809,-0.538495689583762,0.842628264598161,-0.842628264598161,-0.538495689583762
-41.3836712105399,6.18641493610817,"cmk-rpsA-ihfB",2.13944715582058,-980.14938048433,-1416.02089116809,-0.538495689583762,0.842628264598161,-0.842628264598161,-0.538495689583762
44.7938650495531,4.67447679145541,"cmk-rpsA-ihfB",2.13944715582058,-980.14938048433,-1416.02089116809,-0.538495689583762,0.842628264598161,-0.842628264598161,-0.538495689583762
5.52990324258659,-5.55406190475995,"cmk-rpsA-ihfB",2.13944715582058,-980.14938048433,-1416.02089116809,-0.538495689583762,0.842628264598161,-0.842628264598161,-0.538495689583762
1.99985756352776,-0.969282893045546,"cmk-rpsA-ihfB",2.13944715582058,-980.14938048433,-1416.02089116809,-0.538495689583762,0.842628264598161,-0.842628264598161,-0.538495689583762
-32.396970009651,7.21343975369698,"cmk-rpsA-ihfB",2.13944715582058,-980.14938048433,-1416.02089116809,-0.538495689583762,0.842628264598161,-0.842628264598161,-0.538495689583762
41.4421391720608,0.225492322495317,"cmk-rpsA-ihfB",2.13944715582058,-980.14938048433,-1416.02089116809,-0.538495689583762,0.842628264598161,-0.842628264598161,-0.538495689583762
36.3820410902329,4.89984419438951,"cmk-rpsA-ihfB",2.13944715582058,-980.14938048433,-1416.02089116809,-0.538495689583762,0.842628264598161,-0.842628264598161,-0.538495689583762
-12.0040534247281,-2.70521361951727,"cmk-rpsA-ihfB",2.13944715582058,-980.14938048433,-1416.02089116809,-0.538495689583762,0.842628264598161,-0.842628264598161,-0.538495689583762
9.52666747202694,-3.76502900199731,"cmk-rpsA-ihfB",2.13944715582058,-980.14938048433,-1416.02089116809,-0.538495689583762,0.842628264598161,-0.842628264598161,-0.538495689583762
-31.0589452214378,0.668833059736924,"cmk-rpsA-ihfB",2.13944715582058,-980.14938048433,-1416.02089116809,-0.538495689583762,0.842628264598161,-0.842628264598161,-0.538495689583762
43.5190090758193,1.67514047734613,"cmk-rpsA-ihfB",2.13944715582058,-980.14938048433,-1416.02089116809,-0.538495689583762,0.842628264598161,-0.842628264598161,-0.538495689583762
-22.1115183394529,-6.65480070391051,"cmk-rpsA-ihfB",2.13944715582058,-980.14938048433,-1416.02089116809,-0.538495689583762,0.842628264598161,-0.842628264598161,-0.538495689583762
-37.9531817785093,1.82505664003471,"cmk-rpsA-ihfB",2.13944715582058,-980.14938048433,-1416.02089116809,-0.538495689583762,0.842628264598161,-0.842628264598161,-0.538495689583762
-33.2080530242192,6.71456580130132,"cmk-rpsA-ihfB",2.13944715582058,-980.14938048433,-1416.02089116809,-0.538495689583762,0.842628264598161,-0.842628264598161,-0.538495689583762
45.1337194111939,0.980985557436624,"cmk-rpsA-ihfB",2.13944715582058,-980.14938048433,-1416.02089116809,-0.538495689583762,0.842628264598161,-0.842628264598161,-0.538495689583762
16.7962363060595,-4.39819252697529,"cmk-rpsA-ihfB",2.13944715582058,-980.14938048433,-1416.02089116809,-0.538495689583762,0.842628264598161,-0.842628264598161,-0.538495689583762
4.7749370944506,-3.73149544090492,"nudB-yebC-ruvC",2.13944715582058,-980.14938048433,-1416.02089116809,-0.538495689583762,0.842628264598161,-0.842628264598161,-0.538495689583762
-30.5767974133765,6.34347712819457,"sdaC-sdaB",2.13944715582058,-980.14938048433,-1416.02089116809,-0.538495689583762,0.842628264598161,-0.842628264598161,-0.538495689583762
44.148018733664,7.90419928187975,"sdaC-sdaB",2.13944715582058,-980.14938048433,-1416.02089116809,-0.538495689583762,0.842628264598161,-0.842628264598161,-0.538495689583762
-10.1761007876978,-8.1827234654577,"sdaC-sdaB",2.13944715582058,-980.14938048433,-1416.02089116809,-0.538495689583762,0.842628264598161,-0.842628264598161,-0.538495689583762
-13.4814025288427,-7.54342525649344,"sdaC-sdaB",2.13944715582058,-980.14938048433,-1416.02089116809,-0.538495689583762,0.842628264598161,-0.842628264598161,-0.538495689583762
-31.9013344064582,5.03763137774854,"serS",2.13944715582058,-980.14938048433,-1416.02089116809,-0.538495689583762,0.842628264598161,-0.842628264598161,-0.538495689583762
-12.6871074036435,-0.347089987922113,"shiA",2.13944715582058,-980.14938048433,-1416.02089116809,-0.538495689583762,0.842628264598161,-0.842628264598161,-0.538495689583762
-42.2234206003526,4.40701987395656,"speA-speB",2.13944715582058,-980.14938048433,-1416.02089116809,-0.538495689583762,0.842628264598161,-0.842628264598161,-0.538495689583762
-44.4177966211184,4.55828708615866,"speA-speB",2.13944715582058,-980.14938048433,-1416.02089116809,-0.538495689583762,0.842628264598161,-0.842628264598161,-0.538495689583762
42.4828889036339,0.12496253024115,"yacC-speE-speD",2.13944715582058,-980.14938048433,-1416.02089116809,-0.538495689583762,0.842628264598161,-0.842628264598161,-0.538495689583762
40.6956209976948,-0.567898083446892,"yacC-speE-speD",2.13944715582058,-980.14938048433,-1416.02089116809,-0.538495689583762,0.842628264598161,-0.842628264598161,-0.538495689583762
-35.845842342139,1.35783613543523,"tatA-tatB-tatC-tatD",2.13944715582058,-980.14938048433,-1416.02089116809,-0.538495689583762,0.842628264598161,-0.842628264598161,-0.538495689583762
41.8173651418672,2.12369880314573,"tatA-tatB-tatC-tatD",2.13944715582058,-980.14938048433,-1416.02089116809,-0.538495689583762,0.842628264598161,-0.842628264598161,-0.538495689583762
6.84560402154426,-3.40725425807841,"fliA-fliZ-tcyJ",2.13944715582058,-980.14938048433,-1416.02089116809,-0.538495689583762,0.842628264598161,-0.842628264598161,-0.538495689583762
-20.3585458413773,-6.72573131077913,"fliA-fliZ-tcyJ",2.13944715582058,-980.14938048433,-1416.02089116809,-0.538495689583762,0.842628264598161,-0.842628264598161,-0.538495689583762
8.1029104998499,0.625539351767093,"fliA-fliZ-tcyJ",2.13944715582058,-980.14938048433,-1416.02089116809,-0.538495689583762,0.842628264598161,-0.842628264598161,-0.538495689583762
8.17511719641392,-1.62639435919584,"fliA-fliZ-tcyJ",2.13944715582058,-980.14938048433,-1416.02089116809,-0.538495689583762,0.842628264598161,-0.842628264598161,-0.538495689583762
19.9723832716957,-3.30884080678565,"fliA-fliZ-tcyJ",2.13944715582058,-980.14938048433,-1416.02089116809,-0.538495689583762,0.842628264598161,-0.842628264598161,-0.538495689583762
-27.9176539978744,-3.58182162880983,"tff-rpsB-tsf",2.13944715582058,-980.14938048433,-1416.02089116809,-0.538495689583762,0.842628264598161,-0.842628264598161,-0.538495689583762
-28.0378315388429,1.51819135241358,"tff-rpsB-tsf",2.13944715582058,-980.14938048433,-1416.02089116809,-0.538495689583762,0.842628264598161,-0.842628264598161,-0.538495689583762
-38.6361528628348,6.48936372554874,"tff-rpsB-tsf",2.13944715582058,-980.14938048433,-1416.02089116809,-0.538495689583762,0.842628264598161,-0.842628264598161,-0.538495689583762
-42.7990812319088,3.98943450917934,"tff-rpsB-tsf",2.13944715582058,-980.14938048433,-1416.02089116809,-0.538495689583762,0.842628264598161,-0.842628264598161,-0.538495689583762
42.593710114614,3.33070979633953,"tff-rpsB-tsf",2.13944715582058,-980.14938048433,-1416.02089116809,-0.538495689583762,0.842628264598161,-0.842628264598161,-0.538495689583762
26.1758348061117,3.59855636075519,"tff-rpsB-tsf",2.13944715582058,-980.14938048433,-1416.02089116809,-0.538495689583762,0.842628264598161,-0.842628264598161,-0.538495689583762
2.7611370242666,-2.3182712381238,"tff-rpsB-tsf",2.13944715582058,-980.14938048433,-1416.02089116809,-0.538495689583762,0.842628264598161,-0.842628264598161,-0.538495689583762
7.59371047055262,-3.6628261480666,"tff-rpsB-tsf",2.13944715582058,-980.14938048433,-1416.02089116809,-0.538495689583762,0.842628264598161,-0.842628264598161,-0.538495689583762
42.607527529406,7.39767446589937,"tff-rpsB-tsf",2.13944715582058,-980.14938048433,-1416.02089116809,-0.538495689583762,0.842628264598161,-0.842628264598161,-0.538495689583762
-37.6694730918196,5.57691760642157,"tff-rpsB-tsf",2.13944715582058,-980.14938048433,-1416.02089116809,-0.538495689583762,0.842628264598161,-0.842628264598161,-0.538495689583762
2.76255056787507,1.33095220007428,"tff-rpsB-tsf",2.13944715582058,-980.14938048433,-1416.02089116809,-0.538495689583762,0.842628264598161,-0.842628264598161,-0.538495689583762
-36.3081755372417,-0.568595288105675,"tff-rpsB-tsf",2.13944715582058,-980.14938048433,-1416.02089116809,-0.538495689583762,0.842628264598161,-0.842628264598161,-0.538495689583762
-27.0384889645024,2.17311637034324,"tff-rpsB-tsf",2.13944715582058,-980.14938048433,-1416.02089116809,-0.538495689583762,0.842628264598161,-0.842628264598161,-0.538495689583762
-42.9713507827251,2.88680879808714,"tff-rpsB-tsf",2.13944715582058,-980.14938048433,-1416.02089116809,-0.538495689583762,0.842628264598161,-0.842628264598161,-0.538495689583762
41.2449606978038,6.6079980897696,"tff-rpsB-tsf",2.13944715582058,-980.14938048433,-1416.02089116809,-0.538495689583762,0.842628264598161,-0.842628264598161,-0.538495689583762
-39.818188585982,2.63971970761626,"tff-rpsB-tsf",2.13944715582058,-980.14938048433,-1416.02089116809,-0.538495689583762,0.842628264598161,-0.842628264598161,-0.538495689583762
11.0776267431755,-5.73202316996994,"tff-rpsB-tsf",2.13944715582058,-980.14938048433,-1416.02089116809,-0.538495689583762,0.842628264598161,-0.842628264598161,-0.538495689583762
26.3302794542449,5.72622320748256,"tff-rpsB-tsf",2.13944715582058,-980.14938048433,-1416.02089116809,-0.538495689583762,0.842628264598161,-0.842628264598161,-0.538495689583762
19.7644843926649,4.44798735200439,"tff-rpsB-tsf",2.13944715582058,-980.14938048433,-1416.02089116809,-0.538495689583762,0.842628264598161,-0.842628264598161,-0.538495689583762
34.8647790922831,-1.80306525148376,"tgt-yajC-secD-secF",2.13944715582058,-980.14938048433,-1416.02089116809,-0.538495689583762,0.842628264598161,-0.842628264598161,-0.538495689583762
3.50578545056151,-1.61861510628729,"tig",2.13944715582058,-980.14938048433,-1416.02089116809,-0.538495689583762,0.842628264598161,-0.842628264598161,-0.538495689583762
45.7821966060598,5.01226241875971,"tig",2.13944715582058,-980.14938048433,-1416.02089116809,-0.538495689583762,0.842628264598161,-0.842628264598161,-0.538495689583762
43.5131789085062,0.680680031099364,"tig",2.13944715582058,-980.14938048433,-1416.02089116809,-0.538495689583762,0.842628264598161,-0.842628264598161,-0.538495689583762
3.69581982429841,-5.02713201913951,"tig",2.13944715582058,-980.14938048433,-1416.02089116809,-0.538495689583762,0.842628264598161,-0.842628264598161,-0.538495689583762
44.8485431349223,6.42040218765092,"tig",2.13944715582058,-980.14938048433,-1416.02089116809,-0.538495689583762,0.842628264598161,-0.842628264598161,-0.538495689583762
25.272791959798,5.6733558348544,"tolB-pal-cpoB",2.13944715582058,-980.14938048433,-1416.02089116809,-0.538495689583762,0.842628264598161,-0.842628264598161,-0.538495689583762
-33.9417255806977,5.8998643254401,"tolB-pal-cpoB",2.13944715582058,-980.14938048433,-1416.02089116809,-0.538495689583762,0.842628264598161,-0.842628264598161,-0.538495689583762
35.8788794408557,7.44215195850785,"tolC-ygiB-ygiC",2.13944715582058,-980.14938048433,-1416.02089116809,-0.538495689583762,0.842628264598161,-0.842628264598161,-0.538495689583762
-23.772317527078,-6.29367680552644,"treB-treC",2.13944715582058,-980.14938048433,-1416.02089116809,-0.538495689583762,0.842628264598161,-0.842628264598161,-0.538495689583762
-18.4098597645501,2.76592863382386,"trg",2.13944715582058,-980.14938048433,-1416.02089116809,-0.538495689583762,0.842628264598161,-0.842628264598161,-0.538495689583762
32.1727160335112,6.65269709661919,"trhP",2.13944715582058,-980.14938048433,-1416.02089116809,-0.538495689583762,0.842628264598161,-0.842628264598161,-0.538495689583762
2.28853879654178,-5.97089959249435,"trpL-trpE-trpD-trpC-trpB-trpA",2.13944715582058,-980.14938048433,-1416.02089116809,-0.538495689583762,0.842628264598161,-0.842628264598161,-0.538495689583762
-10.037073839952,-1.40690685951266,"tsr",2.13944715582058,-980.14938048433,-1416.02089116809,-0.538495689583762,0.842628264598161,-0.842628264598161,-0.538495689583762
1.16826282501864,-0.689847474059246,"tsr",2.13944715582058,-980.14938048433,-1416.02089116809,-0.538495689583762,0.842628264598161,-0.842628264598161,-0.538495689583762
36.7543473997607,-1.61902726253356,"tsr",2.13944715582058,-980.14938048433,-1416.02089116809,-0.538495689583762,0.842628264598161,-0.842628264598161,-0.538495689583762
-37.0281097946914,2.56506590670316,"tsr",2.13944715582058,-980.14938048433,-1416.02089116809,-0.538495689583762,0.842628264598161,-0.842628264598161,-0.538495689583762
2.04722470313263,-2.71263409810591,"tsr",2.13944715582058,-980.14938048433,-1416.02089116809,-0.538495689583762,0.842628264598161,-0.842628264598161,-0.538495689583762
-38.2444923813308,2.4748918365915,"tsr",2.13944715582058,-980.14938048433,-1416.02089116809,-0.538495689583762,0.842628264598161,-0.842628264598161,-0.538495689583762
25.1574674856043,-2.49453807151176,"tsr",2.13944715582058,-980.14938048433,-1416.02089116809,-0.538495689583762,0.842628264598161,-0.842628264598161,-0.538495689583762
-9.77598650951468,-6.46080141890795,"holC-valS",2.13944715582058,-980.14938048433,-1416.02089116809,-0.538495689583762,0.842628264598161,-0.842628264598161,-0.538495689583762
-23.170009456825,-6.12836108301891,"glf-wbbH",2.13944715582058,-980.14938048433,-1416.02089116809,-0.538495689583762,0.842628264598161,-0.842628264598161,-0.538495689583762
21.7225284045186,-5.8609099700443,"wza-wzb-wzc-wcaA-wcaB",2.13944715582058,-980.14938048433,-1416.02089116809,-0.538495689583762,0.842628264598161,-0.842628264598161,-0.538495689583762
-34.6392265929105,1.94118070231965,"wza-wzb-wzc-wcaA-wcaB",2.13944715582058,-980.14938048433,-1416.02089116809,-0.538495689583762,0.842628264598161,-0.842628264598161,-0.538495689583762
-32.231106723326,1.38973685775106,"xseB-ispA-dxs-yajO",2.13944715582058,-980.14938048433,-1416.02089116809,-0.538495689583762,0.842628264598161,-0.842628264598161,-0.538495689583762
-33.0433411189937,5.66272991088071,"ybgC-tolQ-tolR-tolA",2.13944715582058,-980.14938048433,-1416.02089116809,-0.538495689583762,0.842628264598161,-0.842628264598161,-0.538495689583762
-11.6408863921001,-6.67532003799174,"ybgI-pxpB-pxpC-pxpA-nei",2.13944715582058,-980.14938048433,-1416.02089116809,-0.538495689583762,0.842628264598161,-0.842628264598161,-0.538495689583762
39.1628026344129,4.06278693564971,"ycbZ",2.13944715582058,-980.14938048433,-1416.02089116809,-0.538495689583762,0.842628264598161,-0.842628264598161,-0.538495689583762
19.6443657818507,-5.88787130803143,"yccF-yccS",2.13944715582058,-980.14938048433,-1416.02089116809,-0.538495689583762,0.842628264598161,-0.842628264598161,-0.538495689583762
25.0905927190982,-1.7533075672118,"ycdX-ycdY",2.13944715582058,-980.14938048433,-1416.02089116809,-0.538495689583762,0.842628264598161,-0.842628264598161,-0.538495689583762
-7.25753016374604,-5.9322502984312,"ycgH",2.13944715582058,-980.14938048433,-1416.02089116809,-0.538495689583762,0.842628264598161,-0.842628264598161,-0.538495689583762
-25.8749603510768,-0.0209177259597351,"ydcR",2.13944715582058,-980.14938048433,-1416.02089116809,-0.538495689583762,0.842628264598161,-0.842628264598161,-0.538495689583762
-23.8987696016058,-4.19069264095276,"ydeP",2.13944715582058,-980.14938048433,-1416.02089116809,-0.538495689583762,0.842628264598161,-0.842628264598161,-0.538495689583762
2.0611189712767,-4.72507787046643,"ydgA",2.13944715582058,-980.14938048433,-1416.02089116809,-0.538495689583762,0.842628264598161,-0.842628264598161,-0.538495689583762
-22.1531721338642,-4.4954494630487,"yedE-yedF",2.13944715582058,-980.14938048433,-1416.02089116809,-0.538495689583762,0.842628264598161,-0.842628264598161,-0.538495689583762
-11.5983544686077,-5.12481811748852,"yegT-yegU-yegV",2.13944715582058,-980.14938048433,-1416.02089116809,-0.538495689583762,0.842628264598161,-0.842628264598161,-0.538495689583762
42.2726664984211,5.47924988163039,"osmF-yehY-yehX-yehW",2.13944715582058,-980.14938048433,-1416.02089116809,-0.538495689583762,0.842628264598161,-0.842628264598161,-0.538495689583762
30.1798917090967,1.88105239855933,"osmF-yehY-yehX-yehW",2.13944715582058,-980.14938048433,-1416.02089116809,-0.538495689583762,0.842628264598161,-0.842628264598161,-0.538495689583762
24.2224322284819,4.71185733520428,"folE-yeiB",2.13944715582058,-980.14938048433,-1416.02089116809,-0.538495689583762,0.842628264598161,-0.842628264598161,-0.538495689583762
37.6608768634678,7.34440075031024,"yffB-dapE-ypfN",2.13944715582058,-980.14938048433,-1416.02089116809,-0.538495689583762,0.842628264598161,-0.842628264598161,-0.538495689583762
25.1472672346355,2.51869607770571,"ygbJ-ygbK",2.13944715582058,-980.14938048433,-1416.02089116809,-0.538495689583762,0.842628264598161,-0.842628264598161,-0.538495689583762
30.3454607778208,6.94407004157443,"yifK",2.13944715582058,-980.14938048433,-1416.02089116809,-0.538495689583762,0.842628264598161,-0.842628264598161,-0.538495689583762
2.85427383093968,-2.79909271772167,"yqiJ-yqiK",2.13944715582058,-980.14938048433,-1416.02089116809,-0.538495689583762,0.842628264598161,-0.842628264598161,-0.538495689583762
-37.7798576417794,-1.3613238949338,"yrfG-hslR-hslO",2.13944715582058,-980.14938048433,-1416.02089116809,-0.538495689583762,0.842628264598161,-0.842628264598161,-0.538495689583762
12.8721057870337,3.97516458231204,"Blank-14",2.13944715582058,-980.14938048433,-1416.02089116809,-0.538495689583762,0.842628264598161,-0.842628264598161,-0.538495689583762
